\u4E00,0001
\u4E01,0002
\u4E03,0003
\u4E07,8001
\u4E08,0004
\u4E09,0005
\u4E0A,0006
\u4E0B,0007
\u4E0D,0008
\u4E0E,5280
\u4E0F,0018
\u4E10,0009
\u4E11,0010
\u4E13,1413
\u4E14,0011
\u4E15,0012
\u4E16,0013
\u4E18,8002
\u4E19,0014
\u4E1A,2814
\u4E1B,0654
\u4E1C,2639
\u4E1D,4828
\u4E1E,0015
\u4E22,0016
\u4E24,0357
\u4E25,0917
\u4E26,0017
\u4E27,0828
\u4E28,0019
\u4E2A,0020
\u4E2B,0021
\u4E2D,0022
\u4E30,0023
\u4E32,0025
\u4E34,5259
\u4E36,0027
\u4E38,0029
\u4E39,0030
\u4E3A,3634
\u4E3B,0031
\u4E3D,7787
\u4E3E,5282
\u4E3F,0033
\u4E42,0034
\u4E43,0035
\u4E45,0036
\u4E48,8010
\u4E49,5030
\u4E4B,0037
\u4E4C,3527
\u4E4D,0038
\u4E4E,0039
\u4E4F,0040
\u4E50,2867
\u4E52,8003
\u4E53,8004
\u4E54,0829
\u4E56,0041
\u4E58,0042
\u4E59,0044
\u4E5C,0045
\u4E5D,0046
\u4E5E,0047
\u4E5F,0048
\u4E60,5045
\u4E61,6763
\u4E66,2579
\u4E69,8012
\u4E70,6314
\u4E71,0052
\u4E73,0050
\u4E7E,0051
\u4E85,0054
\u4E86,0055
\u4E88,0056
\u4E89,3630
\u4E8B,0057
\u4E8C,0059
\u4E8D,8015
\u4E8E,0060
\u4E8F,5719
\u4E91,0061
\u4E92,0062
\u4E93,8016
\u4E94,0063
\u4E95,0064
\u4E98,8017
\u4E9A,0068
\u4E9B,0067
\u4E9F,0069
\u4EA0,0071
\u4EA1,0072
\u4EA2,0073
\u4EA4,0074
\u4EA5,0075
\u4EA6,0076
\u4EA7,3934
\u4EA8,0077
\u4EA9,3965
\u4EAB,0078
\u4EAC,0079
\u4EAD,0080
\u4EAE,0081
\u4EB2,6024
\u4EB3,0082
\u4EB5,5978
\u4EB6,0083
\u4EBA,0086
\u4EBF,0310
\u4EC0,0087
\u4EC1,0088
\u4EC2,8021
\u4EC3,0089
\u4EC4,0090
\u4EC5,0284
\u4EC6,0091
\u4EC7,0092
\u4EC9,8022
\u4ECA,0093
\u4ECB,0094
\u4ECD,0095
\u4ECE,1783
\u4ED1,0178
\u4ED3,0221
\u4ED4,0098
\u4ED5,0099
\u4ED6,0100
\u4ED7,0101
\u4ED8,0102
\u4ED9,0103
\u4EDD,0104
\u4EDE,0105
\u4EDF,0107
\u4EE1,0106
\u4EE3,0108
\u4EE4,0109
\u4EE5,0110
\u4EEA,0308
\u4EEB,0261
\u4EEC,0226
\u4EF0,0111
\u4EF2,0112
\u4EF3,0113
\u4EF5,0114
\u4EF6,0115
\u4EF7,0116
\u4EFB,0117
\u4EFD,0118
\u4EFF,0119
\u4F01,0120
\u4F03,8024
\u4F09,0121
\u4F0A,0122
\u4F0B,0123
\u4F0D,0124
\u4F0E,0125
\u4F0F,0126
\u4F10,0127
\u4F11,0128
\u4F15,0183
\u4F17,5883
\u4F18,0327
\u4F19,0129
\u4F1A,2585
\u4F1B,0279
\u4F1E,0270
\u4F1F,0251
\u4F20,0278
\u4F21,8046
\u4F22,0161
\u4F23,8044
\u4F24,0281
\u4F25,0210
\u4F26,0243
\u4F27,0263
\u4F2A,0298
\u4F2B,8028
\u4F2F,0130
\u4F30,0131
\u4F34,0133
\u4F36,0134
\u4F38,0135
\u4F3A,0136
\u4F3B,0137
\u4F3C,0138
\u4F3D,8026
\u4F43,0140
\u4F46,0141
\u4F4D,0143
\u4F4E,0144
\u4F4F,0145
\u4F50,0146
\u4F51,0147
\u4F53,7555
\u4F55,0149
\u4F57,0150
\u4F58,0152
\u4F59,0151
\u4F5A,0153
\u4F5B,0154
\u4F5C,0155
\u4F5D,0166
\u4F5E,0156
\u4F5F,0157
\u4F60,0132
\u4F61,0201
\u4F63,0096
\u4F64,7908
\u4F65,0286
\u4F69,0160
\u4F6B,8035
\u4F6C,0097
\u4F6F,0162
\u4F70,0184
\u4F73,0163
\u4F74,8034
\u4F76,0165
\u4F7A,0158
\u4F7B,0167
\u4F7C,8032
\u4F7E,0168
\u4F7F,0169
\u4F83,0170
\u4F84,1212
\u4F88,0172
\u4F8B,0173
\u4F8D,0174
\u4F8F,0175
\u4F91,0176
\u4F94,0177
\u4F97,0179
\u4F9B,0180
\u4F9D,0181
\u4FA0,0204
\u4FA2,8037
\u4FA3,0188
\u4FA5,0299
\u4FA6,0259
\u4FA7,0258
\u4FA8,0294
\u4FA9,0312
\u4FAA,0322
\u4FAC,0309
\u4FAE,0185
\u4FAF,0186
\u4FB4,8051
\u4FB5,0187
\u4FBF,0189
\u4FC3,0191
\u4FC4,0192
\u4FC5,8045
\u4FCA,0193
\u4FCE,0194
\u4FCF,0195
\u4FD0,0196
\u4FD1,0197
\u4FD7,0198
\u4FD8,0199
\u4FDA,0200
\u4FDD,0202
\u4FDE,0205
\u4FDF,0203
\u4FE1,0207
\u4FE6,0321
\u4FE8,0332
\u4FE9,0224
\u4FEA,0330
\u4FEB,0206
\u4FED,0313
\u4FEE,0208
\u4FEF,0214
\u4FF1,0215
\u4FF3,0216
\u4FF5,0217
\u4FF6,0209
\u4FF8,0218
\u4FFA,0219
\u4FFE,0220
\u500C,0212
\u500D,0223
\u500F,0225
\u5012,0227
\u5014,8056
\u5018,0229
\u5019,0230
\u501A,0231
\u501C,0232
\u501F,0234
\u5021,0235
\u5022,8053
\u5025,0238
\u5026,0239
\u5028,0240
\u5029,0241
\u502A,0242
\u502C,0213
\u502D,0244
\u502E,0139
\u5034,8055
\u503A,0280
\u503C,0237
\u503E,0282
\u5043,0249
\u5047,0250
\u5048,0245
\u504C,8067
\u504E,0246
\u504F,0252
\u5055,0253
\u505A,0254
\u505C,0255
\u5065,0256
\u506C,8064
\u5072,8059
\u5076,0260
\u5077,0262
\u507B,0283
\u507E,0292
\u507F,0326
\u5080,0264
\u5085,0265
\u5088,0269
\u508D,0266
\u5091,0267
\u5092,0268
\u50A3,7831
\u50A4,0314
\u50A5,0331
\u50A7,0319
\u50A8,0328
\u50A9,8080
\u50AC,0275
\u50B2,0277
\u50BB,0247
\u50CD,0211
\u50CF,0288
\u50D6,0296
\u50DA,0297
\u50E6,0291
\u50E7,0300
\u50EC,8072
\u50ED,0301
\u50EE,0302
\u50F0,0316
\u50F3,0287
\u50F5,0304
\u50FB,0306
\u5106,0311
\u5107,0318
\u510B,0317
\u5112,0320
\u5121,8079
\u513F,0334
\u5140,0335
\u5141,0336
\u5143,0337
\u5144,0338
\u5145,0339
\u5146,0340
\u5148,0341
\u5149,0342
\u514B,0344
\u514D,0346
\u5151,0345
\u5154,0347
\u5155,0349
\u5156,0350
\u515A,8093
\u515C,0351
\u5162,0352
\u5165,0354
\u5168,0356
\u516B,0360
\u516C,0361
\u516D,0362
\u516E,0363
\u5170,5695
\u5171,0364
\u5173,7070
\u5174,5281
\u5175,0365
\u5176,0366
\u5177,0367
\u5178,0368
\u5179,5417
\u517B,7402
\u517C,0369
\u517D,3757
\u5180,0370
\u5181,0912
\u5182,0372
\u5185,0355
\u5187,0377
\u5188,1481
\u5189,0373
\u518C,0374
\u518D,0375
\u518F,0376
\u5192,0379
\u5195,0380
\u5196,0382
\u5197,0383
\u5199,1400
\u519B,6511
\u519C,6593
\u51A0,0385
\u51A2,0386
\u51A4,0387
\u51A5,0388
\u51A8,8099
\u51AB,0391
\u51AC,0392
\u51AE,0398
\u51AF,7458
\u51B0,0393
\u51B1,0395
\u51B2,0394
\u51B3,0414
\u51B5,0400
\u51B6,0396
\u51B7,0397
\u51BB,0408
\u51BC,0405
\u51BD,0399
\u51C0,0403
\u51C3,8094
\u51C4,0401
\u51C6,0402
\u51C9,0404
\u51CB,0406
\u51CC,0407
\u51CF,8096
\u51D1,0410
\u51DB,0412
\u51DD,0413
\u51E0,0415
\u51E1,0416
\u51E4,7685
\u51EB,7683
\u51ED,0417
\u51EF,0418
\u51F0,0420
\u51F3,0419
\u51F5,0422
\u51F6,0423
\u51F8,0424
\u51F9,0425
\u51FA,0427
\u51FB,2345
\u51FC,0053
\u51FD,0428
\u51FF,7020
\u5200,0430
\u5201,0431
\u5203,0432
\u5206,0433
\u5207,0434
\u5208,0435
\u520A,0436
\u520D,5368
\u520E,0437
\u5211,0438
\u5212,0439
\u5216,0440
\u5217,0441
\u5218,0491
\u5219,0463
\u521A,0474
\u521B,0482
\u521D,0443
\u5220,0444
\u5224,0445
\u5228,0442
\u5229,0448
\u522B,0446
\u522C,0473
\u522D,0462
\u522E,0450
\u5230,0451
\u5232,0452
\u5233,0453
\u5236,0455
\u5237,0456
\u5238,0457
\u5239,0458
\u523A,0459
\u523B,0466
\u523D,0492
\u523F,8106
\u5240,0481
\u5241,0449
\u5242,0495
\u5243,0461
\u5245,0499
\u524A,0465
\u524C,0469
\u524D,0467
\u5250,0478
\u5251,0494
\u5254,0471
\u5256,0472
\u525C,0468
\u525E,8104
\u5261,0470
\u5265,0475
\u5267,0489
\u5269,0476
\u526A,0477
\u526F,0479
\u5272,0480
\u527D,0484
\u527F,0485
\u5282,8105
\u5288,0490
\u5293,0496
\u5298,0497
\u529B,0500
\u529D,0538
\u529E,6586
\u529F,0501
\u52A0,0502
\u52A1,0523
\u52A2,0535
\u52A3,0503
\u52A8,0520
\u52A9,0504
\u52AA,0505
\u52AB,0506
\u52AC,0507
\u52AD,0508
\u52B1,0536
\u52B2,0513
\u52B3,0525
\u52B9,0509
\u52BB,0510
\u52BC,0512
\u52BE,0511
\u52BF,0528
\u52C3,0514
\u52C7,0516
\u52C9,0517
\u52CB,8113
\u52CD,0518
\u52D0,0515
\u52D2,0519
\u52D6,0521
\u52D8,0522
\u52DA,0532
\u52DF,0527
\u52E4,0530
\u52F0,0533
\u52F3,0534
\u52F7,0537
\u52F9,0540
\u52FA,0541
\u52FE,0551
\u52FF,0543
\u5300,0542
\u5305,0545
\u5306,8116
\u5308,0546
\u530A,0547
\u530D,0548
\u530F,0549
\u5310,0550
\u5315,0552
\u5316,0553
\u5317,0554
\u5319,0555
\u531A,0557
\u531C,0558
\u531D,0559
\u5320,0561
\u5321,0562
\u5323,0563
\u5326,0567
\u532A,0564
\u532E,0566
\u5338,0571
\u5339,0572
\u533A,0575
\u533B,6829
\u533E,0573
\u533F,0574
\u5341,0577
\u5343,0578
\u5345,0580
\u5347,0581
\u5348,0582
\u5349,0583
\u534A,0584
\u534E,5478
\u534F,0588
\u5351,0585
\u5352,0586
\u5353,0587
\u5355,0830
\u5356,6344
\u5357,0589
\u535A,0590
\u535C,0592
\u535E,0593
\u5360,0594
\u5361,0595
\u5362,4151
\u5363,0596
\u5364,7767
\u5366,0597
\u5367,5257
\u5369,0599
\u536B,5898
\u536E,0612
\u536F,0602
\u5370,0603
\u5371,0604
\u5373,0613
\u5374,0606
\u5375,0607
\u5377,0608
\u5378,0609
\u537A,0610
\u537F,0615
\u5382,0617
\u5384,0618
\u5385,1689
\u5386,2980
\u5389,0632
\u538B,1090
\u538C,0630
\u538D,0623
\u5390,7894
\u5395,0627
\u5398,0622
\u539A,0624
\u539D,0625
\u539F,0626
\u53A2,1666
\u53A5,0628
\u53A6,0633
\u53A8,1676
\u53A9,1673
\u53AE,0631
\u53B6,0635
\u53BB,0637
\u53BF,4905
\u53C1,0638
\u53C2,0639
\u53C6,7228
\u53C7,7226
\u53C8,0642
\u53C9,0643
\u53CA,0644
\u53CB,0645
\u53CC,7175
\u53CD,0646
\u53D1,4099
\u53D4,0647
\u53D6,0648
\u53D7,0649
\u53D8,6239
\u53D9,0650
\u53DB,0651
\u53DF,0652
\u53E0,0655
\u53E3,0656
\u53E4,0657
\u53E5,0658
\u53E6,0659
\u53E8,0660
\u53E9,0661
\u53EA,0662
\u53EB,0663
\u53EC,0664
\u53ED,0665
\u53EE,0666
\u53EF,0668
\u53F0,0669
\u53F1,0667
\u53F2,0670
\u53F3,0671
\u53F5,0672
\u53F6,0673
\u53F7,5714
\u53F8,0674
\u53F9,0855
\u53FB,0930
\u53FD,0875
\u5401,0675
\u5403,0676
\u5404,0677
\u5406,0697
\u5408,0678
\u5409,0679
\u540A,0680
\u540B,8120
\u540C,0681
\u540D,0682
\u540E,0683
\u540F,0684
\u5410,0685
\u5411,0686
\u5413,0687
\u5415,0712
\u5417,0834
\u541B,0689
\u541D,0690
\u541E,0691
\u541F,0692
\u5420,0693
\u5421,0070
\u5426,0694
\u5427,0721
\u5428,0903
\u5429,0695
\u542B,0698
\u542C,8126
\u542D,0699
\u542E,0700
\u542F,0796
\u5431,8123
\u5434,0702
\u5435,0703
\u5438,0705
\u5439,0706
\u543B,0708
\u543C,0709
\u543E,0710
\u5440,0711
\u5443,0713
\u5446,0714
\u5448,0701
\u544A,0707
\u544B,0718
\u544E,8125
\u5450,0704
\u5452,8172
\u5453,0927
\u5455,0868
\u5456,8182
\u5457,8142
\u5458,0765
\u5459,8139
\u545B,0850
\u545C,0839
\u5462,0716
\u5464,5129
\u5466,0717
\u5468,0719
\u5471,0722
\u5473,0724
\u5475,0725
\u5476,0726
\u5477,0727
\u547B,0728
\u547C,0729
\u547D,0730
\u5480,0731
\u5482,0715
\u5484,0732
\u5486,0733
\u548B,0738
\u548C,0735
\u548E,0736
\u548F,0737
\u5490,0696
\u5492,0720
\u5494,3931
\u5495,0734
\u5496,0739
\u5499,0918
\u549A,8131
\u549B,0905
\u54A4,0741
\u54A5,8134
\u54A7,0744
\u54A8,0745
\u54AA,0743
\u54AB,0746
\u54AC,0747
\u54AF,0748
\u54B1,0749
\u54B3,0750
\u54B8,0752
\u54BB,8136
\u54BD,0754
\u54BF,0764
\u54C0,0755
\u54C1,0756
\u54C2,0757
\u54C4,0758
\u54C6,8135
\u54C7,0760
\u54C8,0761
\u54C9,0762
\u54CD,0742
\u54CE,0740
\u54D1,0800
\u54D2,8174
\u54D3,0879
\u54D4,0874
\u54D5,0902
\u54D7,0873
\u54D9,0898
\u54DD,0901
\u54DF,0847
\u54E5,0766
\u54E6,0768
\u54E8,0783
\u54E9,0769
\u54EA,0763
\u54ED,0770
\u54EE,0771
\u54F2,0772
\u54FA,0773
\u54FC,0774
\u54FD,0775
\u54FF,0776
\u5501,0777
\u5506,0778
\u5507,0782
\u5509,0780
\u550F,0785
\u5510,0781
\u5511,8143
\u5514,0767
\u551B,0860
\u551D,8156
\u5520,8167
\u5521,5084
\u5522,7624
\u5524,0822
\u5527,0825
\u552A,8146
\u552C,0801
\u552E,0786
\u552F,0787
\u5531,0788
\u5533,0789
\u5536,8150
\u553C,8147
\u553E,0790
\u5541,0791
\u5543,8186
\u5544,0793
\u5546,0794
\u5549,5123
\u554A,0759
\u554D,8149
\u5550,8148
\u5556,0797
\u5557,8145
\u555C,0799
\u5561,0803
\u5564,0802
\u5565,0798
\u5566,0784
\u5567,0862
\u556C,0835
\u556D,0921
\u556E,0909
\u556F,8165
\u5576,0570
\u5578,0876
\u557B,0804
\u557C,0805
\u557E,0831
\u5580,0807
\u5581,0806
\u5582,0808
\u5583,0809
\u5584,0810
\u5586,0811
\u5587,0812
\u5588,0813
\u5589,0814
\u558A,0815
\u558B,0818
\u558F,0816
\u5591,0819
\u5594,0845
\u5598,0820
\u5599,0821
\u559C,0823
\u559D,0824
\u559F,0846
\u55A7,0826
\u55B1,5070
\u55B7,0899
\u55B9,0832
\u55BB,0827
\u55BD,0853
\u55BE,8185
\u55C5,0833
\u55C9,0851
\u55D1,0836
\u55D2,0852
\u55D3,0837
\u55D4,0838
\u55DC,0841
\u55DF,0842
\u55E1,0849
\u55E3,0843
\u55E4,0844
\u55E5,0881
\u55EA,0840
\u55EB,0922
\u55F3,0897
\u55F7,0869
\u55FD,0870
\u55FE,0871
\u5608,0856
\u5609,0857
\u560C,8166
\u560E,0867
\u560F,0858
\u5618,0864
\u561B,0859
\u5624,0919
\u5627,5878
\u562C,0872
\u5631,0928
\u5632,0877
\u5634,0878
\u5636,0880
\u5639,0882
\u563B,0883
\u563F,0884
\u564C,0886
\u564D,0887
\u564E,0888
\u5659,8168
\u565C,8183
\u5662,0889
\u5664,0891
\u5668,0892
\u5669,0893
\u566A,0894
\u566B,0895
\u566C,0896
\u5671,0904
\u5676,0900
\u567B,0865
\u5685,0906
\u5686,8178
\u568E,0866
\u568F,0908
\u569A,0910
\u569C,5886
\u56A3,0923
\u56AD,8181
\u56B7,0924
\u56BC,0920
\u56CA,0926
\u56D7,0931
\u56DA,0933
\u56DB,0934
\u56DD,8188
\u56DE,0932
\u56E0,0936
\u56E1,8189
\u56E2,0957
\u56E4,0937
\u56EB,0939
\u56ED,0954
\u56F0,0938
\u56F1,0935
\u56F4,0953
\u56F5,0950
\u56F7,0940
\u56F9,0941
\u56FA,0942
\u56FD,0948
\u56FE,0956
\u56FF,0943
\u5703,0944
\u5704,0945
\u5706,0955
\u5708,0946
\u5709,0947
\u570A,8191
\u5710,0951
\u5719,0952
\u571C,0958
\u571F,0960
\u5723,5110
\u5728,0961
\u5729,0962
\u572A,8198
\u572C,0963
\u572D,0964
\u572E,0965
\u572F,8197
\u5730,0966
\u5733,1101
\u5739,1094
\u573A,1034
\u573B,0967
\u573E,0969
\u5740,0968
\u5742,0978
\u5747,0971
\u574A,0972
\u574C,0979
\u574D,0973
\u574E,0974
\u574F,0975
\u5750,0976
\u5751,0977
\u5757,1040
\u575A,1017
\u575B,1086
\u575D,1056
\u575E,1051
\u575F,0970
\u5760,1071
\u5761,0980
\u5764,0981
\u5766,0982
\u5768,1001
\u5769,0984
\u576A,0988
\u576B,0989
\u576C,0994
\u576D,0983
\u576F,0999
\u5770,0990
\u5773,0991
\u5777,0985
\u577B,8201
\u577C,0986
\u577F,8205
\u5782,0987
\u5783,0998
\u5784,1096
\u5785,8263
\u5786,1097
\u5787,8206
\u578B,0992
\u578C,8211
\u5792,1093
\u5793,0993
\u5795,8214
\u579A,8210
\u579B,1000
\u579E,8208
\u579F,8213
\u57A0,0995
\u57A1,1012
\u57A2,0996
\u57A3,0997
\u57A4,8209
\u57A6,1083
\u57A7,1010
\u57A9,1019
\u57AB,1067
\u57AD,7916
\u57AE,1006
\u57B1,8255
\u57B2,1052
\u57B8,8219
\u57BE,1038
\u57C2,8217
\u57C3,1002
\u57CB,1003
\u57CC,8222
\u57CE,1004
\u57CF,1007
\u57D2,1005
\u57D4,1033
\u57D5,8224
\u57D8,1054
\u57D9,1053
\u57DA,8241
\u57DD,1036
\u57DF,1008
\u57E0,1009
\u57E4,1020
\u57EB,1069
\u57ED,1011
\u57F4,1021
\u57F5,1022
\u57F8,1023
\u57F9,1014
\u57FA,1015
\u5800,8232
\u5802,1016
\u5803,1024
\u5806,1018
\u5807,5477
\u5809,8230
\u580C,8233
\u580D,8239
\u580E,8231
\u5811,1058
\u5815,1077
\u5819,1025
\u581E,1026
\u5820,1028
\u5821,1027
\u5824,1029
\u582A,1030
\u5830,1037
\u5835,1035
\u583C,1055
\u583D,8245
\u5842,1061
\u5843,2390
\u5844,1080
\u5845,0641
\u5846,1081
\u584C,1042
\u584D,1039
\u5851,1043
\u5853,8237
\u5854,1044
\u5858,1048
\u585A,1046
\u585D,8244
\u585E,1049
\u5865,8247
\u586B,1050
\u586C,8242
\u5871,8243
\u587E,1060
\u5880,1062
\u5881,1063
\u5883,1064
\u5884,1068
\u5885,1065
\u5888,1082
\u5889,1066
\u5892,8262
\u5893,1045
\u5895,8250
\u5899,8259
\u589E,1073
\u589F,1074
\u58A8,1075
\u58A9,1076
\u58C1,1084
\u58C5,1085
\u58D1,1089
\u58D5,1091
\u58E4,1099
\u58EB,1102
\u58EC,1103
\u58EE,1104
\u58F0,5116
\u58F3,8199
\u58F6,1106
\u58F8,1109
\u58F9,1105
\u5902,1111
\u5904,5710
\u5906,1112
\u5907,0271
\u590A,1114
\u590D,1788
\u590F,1115
\u5910,2416
\u5914,5688
\u5915,1119
\u5916,1120
\u5919,1121
\u591A,1122
\u591C,1123
\u591F,1124
\u5924,1126
\u5925,1127
\u5927,1129
\u5929,1131
\u592A,1132
\u592B,1133
\u592C,1134
\u592D,1130
\u592E,1135
\u592F,1137
\u5931,1136
\u5934,7333
\u5937,1138
\u5938,1139
\u5939,1140
\u593A,1161
\u593C,8268
\u5940,1165
\u5941,1160
\u5942,1147
\u5944,1141
\u5947,1142
\u5948,1143
\u5949,1144
\u594B,1164
\u594E,1145
\u594F,1146
\u5951,1148
\u5953,1151
\u5954,1149
\u5955,1150
\u5956,1162
\u5957,1152
\u5958,1155
\u595A,1153
\u5960,1156
\u5962,1158
\u5965,1159
\u596D,1163
\u5973,1166
\u5974,1167
\u5976,1168
\u5978,1169
\u5979,1247
\u597D,1170
\u5981,1171
\u5982,1172
\u5983,1173
\u5984,1174
\u5986,1182
\u5987,1244
\u5988,1265
\u598A,1175
\u598D,1177
\u5992,1176
\u5993,1178
\u5996,1179
\u5997,1180
\u5999,1181
\u599E,1310
\u59A3,1183
\u59A4,1184
\u59A5,1185
\u59A8,1186
\u59A9,8301
\u59AA,1277
\u59AB,1289
\u59AE,1200
\u59AF,1187
\u59B2,1199
\u59B3,1248
\u59B9,1188
\u59BB,1189
\u59BE,1190
\u59C6,1191
\u59CA,1192
\u59CB,1193
\u59D0,1195
\u59D1,1196
\u59D2,1197
\u59D3,1198
\u59D4,1201
\u59D7,1194
\u59D8,8280
\u59DA,1202
\u59DC,1203
\u59DD,1204
\u59E3,1207
\u59E5,1209
\u59E8,1210
\u59EC,1213
\u59EE,1220
\u59F9,1234
\u59FB,1215
\u59FF,1217
\u5A01,1218
\u5A03,1216
\u5A04,1236
\u5A05,1246
\u5A06,1290
\u5A07,1293
\u5A08,1309
\u5A09,1219
\u5A0C,1222
\u5A11,1223
\u5A12,8281
\u5A13,1232
\u5A18,1224
\u5A1C,1226
\u5A1F,1227
\u5A20,1228
\u5A23,1229
\u5A25,1230
\u5A29,1231
\u5A31,1225
\u5A32,1257
\u5A34,8300
\u5A36,1235
\u5A3C,1233
\u5A40,1128
\u5A46,1237
\u5A49,1238
\u5A4A,1239
\u5A55,1240
\u5A5A,1241
\u5A62,1242
\u5A65,8289
\u5A6A,1245
\u5A73,8299
\u5A74,1305
\u5A75,1292
\u5A76,1306
\u5A77,1250
\u5A7A,1251
\u5A7C,1249
\u5A7F,8296
\u5A84,8292
\u5A92,1252
\u5A96,1260
\u5A9A,1253
\u5A9B,1254
\u5A9E,8293
\u5AAA,1264
\u5AAD,1294
\u5AAE,8295
\u5AB2,1274
\u5AB3,1261
\u5AB5,1262
\u5AB8,1263
\u5ABE,1266
\u5AC1,1268
\u5AC2,1269
\u5AC4,1270
\u5AC9,1271
\u5ACC,1273
\u5AD2,8302
\u5AD4,1300
\u5AD6,1276
\u5AD8,1284
\u5ADA,1285
\u5ADC,1286
\u5AE0,1278
\u5AE1,1279
\u5AE3,1280
\u5AE6,1281
\u5AE9,1282
\u5AEA,1283
\u5AEB,1287
\u5AF1,1297
\u5B09,1291
\u5B16,1295
\u5B17,1296
\u5B1B,1298
\u5B32,1303
\u5B34,1299
\u5B37,1301
\u5B40,1307
\u5B43,8304
\u5B50,1311
\u5B51,1312
\u5B53,1315
\u5B54,1313
\u5B55,1314
\u5B56,8311
\u5B57,1316
\u5B58,1317
\u5B59,1327
\u5B5A,1318
\u5B5B,1319
\u5B5C,1320
\u5B5D,1321
\u5B5F,1322
\u5B63,1323
\u5B64,1324
\u5B65,1325
\u5B66,1331
\u5B69,1326
\u5B6A,1334
\u5B6C,8006
\u5B70,1328
\u5B71,1329
\u5B73,1330
\u5B75,1335
\u5B7A,1332
\u5B7D,5642
\u5B80,1336
\u5B81,1337
\u5B83,1338
\u5B84,1339
\u5B85,1341
\u5B87,1342
\u5B88,1343
\u5B89,1344
\u5B8B,1345
\u5B8C,1346
\u5B8F,1347
\u5B93,1348
\u5B95,1349
\u5B97,1350
\u5B98,1351
\u5B99,1352
\u5B9A,1353
\u5B9B,1354
\u5B9C,1355
\u5B9D,1405
\u5B9E,1395
\u5BA0,1404
\u5BA1,1399
\u5BA2,1356
\u5BA3,1357
\u5BA4,1358
\u5BA5,1359
\u5BA6,1360
\u5BA7,1406
\u5BAA,2009
\u5BAB,1362
\u5BAC,1361
\u5BB0,1363
\u5BB3,1364
\u5BB4,1365
\u5BB5,1366
\u5BB6,1367
\u5BB8,1368
\u5BB9,1369
\u5BBD,1401
\u5BBE,6333
\u5BBF,1372
\u5BC2,1374
\u5BC4,1376
\u5BC5,1377
\u5BC6,1378
\u5BC7,1379
\u5BCC,1381
\u5BD0,1382
\u5BD2,1383
\u5BD3,1384
\u5BDD,1392
\u5BDE,1389
\u5BDF,1390
\u5BE1,1391
\u5BE4,1393
\u5BE5,1394
\u5BE8,1396
\u5BEE,1402
\u5BF0,1403
\u5BF8,1407
\u5BF9,1417
\u5BFA,1408
\u5BFB,1416
\u5BFC,1418
\u5BFF,1108
\u5C01,1409
\u5C04,1410
\u5C05,1411
\u5C06,1412
\u5C09,1414
\u5C0A,1415
\u5C0F,1420
\u5C11,1421
\u5C14,1422
\u5C15,1427
\u5C16,1423
\u5C18,1057
\u5C1A,1424
\u5C1D,0863
\u5C22,1428
\u5C24,1429
\u5C27,1031
\u5C2A,1431
\u5C2C,1435
\u5C30,1433
\u5C31,1432
\u5C34,1434
\u5C38,1437
\u5C39,1438
\u5C3A,1439
\u5C3B,1440
\u5C3C,1441
\u5C3D,4147
\u5C3E,1442
\u5C3F,1443
\u5C40,1444
\u5C41,1445
\u5C42,1461
\u5C45,1446
\u5C48,1448
\u5C49,1449
\u5C4A,1447
\u5C4B,1450
\u5C4E,1452
\u5C4F,1456
\u5C50,1453
\u5C51,1454
\u5C55,1455
\u5C5D,1457
\u5C5E,1466
\u5C60,1458
\u5C61,1459
\u5C63,1460
\u5C65,1462
\u5C66,1464
\u5C6E,1469
\u5C6F,1470
\u5C71,1472
\u5C72,8320
\u5C74,8321
\u5C79,1473
\u5C7A,1474
\u5C7C,8322
\u5C7F,1546
\u5C81,2979
\u5C82,6259
\u5C88,1483
\u5C8C,1476
\u5C8D,8325
\u5C90,1477
\u5C91,1478
\u5C94,1479
\u5C96,1536
\u5C97,1511
\u5C98,1501
\u5C99,8324
\u5C9A,1526
\u5C9B,1497
\u5C9C,8326
\u5C9E,8329
\u5CA2,1482
\u5CA3,1490
\u5CA8,8327
\u5CA9,1484
\u5CAB,1485
\u5CAC,8328
\u5CAD,1545
\u5CB1,1486
\u5CB3,1471
\u5CB5,1487
\u5CB7,1488
\u5CB8,1489
\u5CBD,1506
\u5CBF,8354
\u5CC1,1475
\u5CC3,8330
\u5CC4,1542
\u5CC7,8331
\u5CCB,1493
\u5CD2,1491
\u5CD3,1500
\u5CD9,1492
\u5CE1,1499
\u5CE3,8344
\u5CE4,1540
\u5CE5,1513
\u5CE6,1551
\u5CE7,1524
\u5CE8,1494
\u5CEA,1502
\u5CED,1495
\u5CF0,1496
\u5CF1,8335
\u5CFB,1498
\u5CFF,1480
\u5D00,1527
\u5D02,1555
\u5D03,1503
\u5D04,8349
\u5D05,1528
\u5D06,1519
\u5D07,1504
\u5D0C,1533
\u5D0E,1505
\u5D11,1507
\u5D14,1508
\u5D16,1509
\u5D19,1510
\u5D1A,1515
\u5D1B,1512
\u5D1E,8338
\u5D24,1541
\u5D26,1517
\u5D27,1516
\u5D29,1514
\u5D2D,1535
\u5D2E,8339
\u5D34,8343
\u5D3D,8342
\u5D3E,1547
\u5D47,1518
\u5D4A,1522
\u5D4B,1520
\u5D4C,1523
\u5D4E,1525
\u5D58,1539
\u5D5A,1538
\u5D5B,1549
\u5D5D,1530
\u5D69,1529
\u5D6B,1521
\u5D6C,1531
\u5D6F,1532
\u5D82,1534
\u5D85,1552
\u5D92,1537
\u5D93,8348
\u5D99,1543
\u5DB7,1544
\u5DC2,7172
\u5DC5,1553
\u5DC9,1548
\u5DCD,1550
\u5DD6,1554
\u5DDB,1556
\u5DDD,1557
\u5DDE,1558
\u5DE1,1559
\u5DE2,1560
\u5DE5,1562
\u5DE6,1563
\u5DE7,1564
\u5DE8,1565
\u5DE9,7255
\u5DEB,1566
\u5DEE,1567
\u5DEF,8360
\u5DF1,1569
\u5DF2,1571
\u5DF3,1570
\u5DF4,1572
\u5DF7,1574
\u5DFD,1575
\u5DFE,1577
\u5E01,1578
\u5E02,1579
\u5E03,1580
\u5E05,1596
\u5E06,1581
\u5E08,1597
\u5E0B,1582
\u5E0C,1585
\u5E0F,1605
\u5E10,1600
\u5E11,1583
\u5E14,1592
\u5E15,1584
\u5E16,1586
\u5E17,1587
\u5E18,1588
\u5E19,1589
\u5E1A,1590
\u5E1B,1591
\u5E1C,1615
\u5E1D,1593
\u5E21,1594
\u5E26,1601
\u5E27,1608
\u5E28,1599
\u5E2D,1598
\u5E2E,1620
\u5E31,1621
\u5E37,1602
\u5E38,1603
\u5E3B,1614
\u5E3C,1613
\u5E3D,1604
\u5E42,0389
\u5E44,1606
\u5E45,1607
\u5E4C,1610
\u5E54,1611
\u5E55,1612
\u5E5B,1625
\u5E5E,8363
\u5E61,1616
\u5E62,1617
\u5E6A,1619
\u5E72,1626
\u5E73,1627
\u5E74,1628
\u5E76,1629
\u5E78,1630
\u5E7A,1633
\u5E7B,1634
\u5E7C,1635
\u5E7D,1636
\u5E7F,1639
\u5E80,1640
\u5E84,8369
\u5E86,1987
\u5E87,1642
\u5E8A,1643
\u5E8B,1644
\u5E8F,1645
\u5E90,1687
\u5E91,1682
\u5E93,1655
\u5E94,2019
\u5E95,1646
\u5E96,1647
\u5E97,1648
\u5E99,1680
\u5E9A,1649
\u5E9C,1650
\u5E9E,1690
\u5E9F,1683
\u5EA0,1651
\u5EA5,1652
\u5EA6,1653
\u5EA7,1654
\u5EAD,1656
\u5EB5,1658
\u5EB6,1659
\u5EB7,1660
\u5EB8,1661
\u5EB9,1641
\u5EBC,8375
\u5EBE,1662
\u5EC8,1669
\u5EC9,1670
\u5ECA,1671
\u5ECB,1672
\u5ED1,1668
\u5ED2,8373
\u5ED3,1674
\u5ED6,1675
\u5EDB,1679
\u5EE8,1685
\u5EEA,1686
\u5EF4,1692
\u5EF6,1693
\u5EF7,1694
\u5EFA,1696
\u5EFE,1699
\u5EFF,0579
\u5F00,7030
\u5F01,1701
\u5F02,8381
\u5F03,2757
\u5F04,1702
\u5F08,1704
\u5F0A,1705
\u5F0B,1707
\u5F0C,8382
\u5F0D,1708
\u5F0E,8383
\u5F0F,1709
\u5F11,1710
\u5F13,1712
\u5F15,1714
\u5F17,1715
\u5F18,1738
\u5F1B,1716
\u5F1F,1717
\u5F20,1728
\u5F22,1718
\u5F25,1736
\u5F26,1720
\u5F27,1721
\u5F29,1722
\u5F2D,1725
\u5F2F,1737
\u5F31,1726
\u5F39,1734
\u5F3A,1730
\u5F3C,1732
\u5F40,1733
\u5F50,1739
\u5F52,2981
\u5F53,3981
\u5F55,6922
\u5F56,1740
\u5F57,1741
\u5F58,1742
\u5F5D,1744
\u5F5F,1745
\u5F61,1747
\u5F62,1748
\u5F64,1749
\u5F66,1750
\u5F67,1751
\u5F68,1759
\u5F69,1752
\u5F6A,1753
\u5F6C,1755
\u5F6D,1756
\u5F70,1757
\u5F71,1758
\u5F73,1761
\u5F77,1762
\u5F79,1763
\u5F7B,1796
\u5F7C,1764
\u5F80,1766
\u5F81,1767
\u5F82,1768
\u5F84,1777
\u5F85,1769
\u5F87,1770
\u5F88,1771
\u5F89,1772
\u5F8A,1773
\u5F8B,1774
\u5F90,1776
\u5F92,1778
\u5F95,1784
\u5F97,1779
\u5F98,1780
\u5F99,1781
\u5F9C,1782
\u5FA1,1785
\u5FA8,1787
\u5FAA,1789
\u5FAC,1790
\u5FAD,1791
\u5FAE,1792
\u5FAF,1793
\u5FB5,1794
\u5FB7,1795
\u5FBC,1797
\u5FBD,1798
\u5FC3,1800
\u5FC5,1801
\u5FC6,2011
\u5FC9,1802
\u5FCC,1803
\u5FCD,1804
\u5FCF,2039
\u5FD0,1809
\u5FD1,1810
\u5FD2,1805
\u5FD6,1806
\u5FD7,1807
\u5FD8,1808
\u5FD9,1811
\u5FDD,1812
\u5FE0,1813
\u5FE1,1814
\u5FE4,1822
\u5FE7,1992
\u5FEA,8388
\u5FEB,1816
\u5FED,1817
\u5FEE,1818
\u5FF1,1820
\u5FF5,1819
\u5FF8,1821
\u5FFB,1823
\u5FFD,1824
\u5FFE,1958
\u5FFF,1825
\u6000,2037
\u6001,1966
\u6002,1981
\u6003,2007
\u6005,1898
\u6006,1955
\u600D,1826
\u600E,1827
\u600F,1828
\u6012,1829
\u6014,1850
\u6015,1830
\u6016,1831
\u6017,1832
\u6019,1833
\u601B,1834
\u601C,1995
\u601D,1835
\u6020,1836
\u6021,1837
\u6025,1838
\u6026,1839
\u6027,1840
\u6028,1841
\u6029,1842
\u602A,1843
\u602B,1844
\u602F,1845
\u6035,1847
\u603B,4920
\u603C,2029
\u603F,2022
\u6041,1851
\u6042,1852
\u6043,1853
\u604B,2043
\u604D,1857
\u6050,1858
\u6052,1854
\u6055,1859
\u6059,1860
\u605A,1861
\u605D,1862
\u6062,1863
\u6063,1864
\u6064,1865
\u6067,1867
\u6068,1868
\u6069,1869
\u606A,1870
\u606B,1871
\u606C,1815
\u606D,1872
\u606F,1873
\u6070,1874
\u6073,2017
\u6076,1921
\u6078,1975
\u6079,2044
\u607A,1956
\u607B,1933
\u607C,1925
\u607D,1926
\u607F,1960
\u6083,1875
\u6084,1877
\u6089,1885
\u608C,1879
\u608D,1880
\u6092,1881
\u6094,1882
\u6096,1883
\u609A,1884
\u609B,1886
\u609D,1887
\u609F,1889
\u60A0,1890
\u60A3,1891
\u60A6,1878
\u60A8,1849
\u60AB,1952
\u60AC,2038
\u60AD,1984
\u60AE,1888
\u60AF,2006
\u60B0,1922
\u60B1,1894
\u60B2,1896
\u60B4,1897
\u60B8,1900
\u60BB,1901
\u60BC,1902
\u60C5,1906
\u60C6,1907
\u60C7,1908
\u60CA,7528
\u60CB,1923
\u60D1,1910
\u60D3,1911
\u60D5,1912
\u60D8,1913
\u60D9,1914
\u60DA,1915
\u60DC,1917
\u60DF,1919
\u60E0,1920
\u60E6,1855
\u60E7,2040
\u60E8,1971
\u60E9,2033
\u60EB,1994
\u60EC,1948
\u60ED,1974
\u60EE,1998
\u60EF,1977
\u60F0,1924
\u60F3,1927
\u60F4,1928
\u60F6,1929
\u60F9,1931
\u60FA,1932
\u6100,1934
\u6101,1935
\u6106,1936
\u6108,1937
\u6109,1938
\u610D,1940
\u610E,1941
\u610F,1942
\u6114,1944
\u6115,1945
\u611A,1946
\u611F,1949
\u6120,1950
\u6124,2001
\u6126,2025
\u6127,1951
\u612B,1953
\u613F,1959
\u6148,1964
\u614A,1965
\u614C,1967
\u614E,1957
\u6151,2042
\u6153,1969
\u6155,1970
\u615D,1973
\u6162,1976
\u6167,1979
\u6168,1980
\u6170,1983
\u6175,1986
\u6177,1988
\u618E,1999
\u6194,1997
\u619D,2000
\u61A7,2002
\u61A8,2003
\u61A9,2004
\u61AC,2005
\u61BE,2013
\u61C2,2016
\u61C8,2018
\u61CA,2020
\u61CB,2021
\u61D1,2030
\u61D2,2036
\u61D4,2023
\u61E6,2032
\u61F5,2035
\u61FF,2034
\u6206,2045
\u6208,2047
\u620A,2048
\u620B,2055
\u620C,2049
\u620D,2050
\u620E,2051
\u620F,2070
\u6210,2052
\u6211,2053
\u6212,2054
\u6215,2056
\u6216,2057
\u6218,2069
\u621A,2058
\u621B,2059
\u621F,2060
\u6221,2063
\u6222,2061
\u6224,2072
\u6225,2062
\u622A,2066
\u622C,2065
\u622E,2068
\u6233,2067
\u6234,2071
\u6237,2073
\u623D,2077
\u623E,2074
\u623F,2075
\u6240,2076
\u6241,2078
\u6243,2079
\u6246,2081
\u6247,2082
\u6248,2083
\u6249,2084
\u624B,2087
\u624D,2088
\u624E,2089
\u6251,2090
\u6252,2091
\u6253,2092
\u6254,2093
\u6258,2094
\u625B,2095
\u6260,2096
\u6261,8421
\u6263,2099
\u6266,8422
\u6267,1013
\u6269,2368
\u626A,2204
\u626B,2217
\u626C,2254
\u626D,2100
\u626E,2101
\u626F,2102
\u6270,2371
\u6273,2104
\u6276,2105
\u6279,2106
\u627C,2108
\u627E,2109
\u627F,2110
\u6280,2111
\u6283,8423
\u6284,2113
\u6289,2115
\u628A,2116
\u6291,2117
\u6292,2118
\u6293,2119
\u6295,2121
\u6296,2122
\u6297,2123
\u6298,2124
\u629A,2329
\u629B,2141
\u629F,2306
\u62A0,2305
\u62A1,2241
\u62A2,2293
\u62A4,6233
\u62A5,1032
\u62A8,2125
\u62AB,2126
\u62AC,2127
\u62B1,2128
\u62B5,2107
\u62B9,2130
\u62BC,2131
\u62BD,2132
\u62BF,2129
\u62C2,2133
\u62C3,2387
\u62C4,2134
\u62C5,2137
\u62C6,2135
\u62C7,2136
\u62C8,2138
\u62C9,2139
\u62CA,2140
\u62CC,2142
\u62CD,2143
\u62CE,2146
\u62D0,2145
\u62D2,2147
\u62D3,2148
\u62D4,2149
\u62D6,2151
\u62D7,2152
\u62D8,2153
\u62D9,2154
\u62DA,2155
\u62DB,2156
\u62DC,2157
\u62DF,2362
\u62E2,2379
\u62E3,2245
\u62E4,2097
\u62E5,2340
\u62E6,2374
\u62E7,2349
\u62E8,2328
\u62E9,2344
\u62EC,2161
\u62ED,2160
\u62EE,2159
\u62EF,2163
\u62F1,2162
\u62F3,2164
\u62F4,2165
\u62F6,8429
\u62F7,2166
\u62FC,2178
\u62FD,2167
\u62FE,2168
\u62FF,2169
\u6301,2170
\u6302,2171
\u6307,2172
\u6308,2173
\u6309,2174
\u630E,2175
\u6311,2176
\u6316,2177
\u631A,2304
\u631B,2381
\u631C,8436
\u631D,2339
\u631E,2337
\u631F,2188
\u6320,2321
\u6321,2346
\u6323,2197
\u6324,2357
\u6325,2264
\u6326,8469
\u6328,2179
\u632A,2180
\u632B,2181
\u632F,2182
\u6332,2199
\u6339,2184
\u633A,2185
\u633C,2186
\u633D,2187
\u6342,2158
\u6343,8432
\u6345,2183
\u6346,2190
\u6349,2191
\u634B,2192
\u634C,2193
\u634D,2194
\u634E,2200
\u634F,2250
\u6350,2196
\u6355,2198
\u635E,2318
\u635F,2275
\u6362,2255
\u6363,2281
\u6367,2201
\u6369,2203
\u636D,2206
\u636E,2207
\u6371,2209
\u6376,2211
\u6377,2212
\u637A,2205
\u637B,2214
\u6380,2216
\u6382,2195
\u6387,2218
\u6388,2219
\u6389,2220
\u638A,2221
\u638C,2222
\u638E,2224
\u638F,2223
\u6390,2225
\u6392,2226
\u6396,2227
\u6398,2228
\u63A0,2230
\u63A2,2232
\u63A3,2233
\u63A5,2234
\u63A7,2235
\u63A8,2236
\u63A9,2237
\u63AA,2238
\u63AC,2239
\u63AE,8438
\u63AF,2240
\u63B0,8428
\u63B1,8479
\u63B3,2342
\u63B4,2310
\u63B7,2367
\u63B8,8473
\u63BA,2296
\u63BC,2335
\u63BE,2268
\u63C4,2246
\u63C6,2247
\u63C9,2248
\u63CD,2213
\u63CE,8445
\u63CF,2249
\u63D0,2251
\u63D2,2252
\u63D6,2253
\u63E0,2257
\u63E1,2259
\u63E3,2260
\u63E9,2261
\u63EA,2262
\u63ED,2263
\u63F4,2266
\u63F6,8448
\u63F8,8439
\u63FD,2385
\u63FE,8453
\u63FF,8471
\u6400,2356
\u6401,2364
\u6402,2299
\u6405,2383
\u640F,2276
\u6410,2294
\u6412,2277
\u6413,2278
\u6414,2279
\u641C,2282
\u641E,2269
\u6420,2283
\u6421,8459
\u6422,8452
\u6426,2286
\u6427,2271
\u642A,2288
\u642C,2289
\u642D,2290
\u6434,2291
\u643A,2377
\u643D,2258
\u643F,8466
\u6444,2378
\u6445,2373
\u6446,2369
\u6447,2280
\u6448,2363
\u644A,2382
\u6452,2311
\u6454,2292
\u6458,2298
\u645E,5285
\u6467,2301
\u6469,2302
\u646D,2303
\u6477,8464
\u6478,2307
\u6479,2308
\u647A,2309
\u6482,2297
\u6484,2375
\u6485,2313
\u6487,2317
\u6491,2300
\u6492,2320
\u6495,2322
\u6499,2323
\u649E,2326
\u64A4,2327
\u64A9,2316
\u64AC,2334
\u64AD,2330
\u64AE,2331
\u64B0,2332
\u64B5,2365
\u64B7,2355
\u64BC,2338
\u64C2,2341
\u64C5,2343
\u64CD,2347
\u64CE,2348
\u64D2,2350
\u64D7,2352
\u64D8,2353
\u64DE,2370
\u64E2,2359
\u64E6,2361
\u64ED,2366
\u6500,2372
\u6509,2336
\u6512,2380
\u6518,2376
\u652B,2384
\u652F,2388
\u6534,2391
\u6536,2392
\u6538,2394
\u6539,2395
\u653B,2396
\u653E,2397
\u653F,2398
\u6545,2399
\u6548,2400
\u6549,2401
\u654C,2420
\u654F,2404
\u6551,2405
\u6555,2406
\u6556,2407
\u6559,2403
\u655B,2425
\u655C,8489
\u655D,2411
\u655E,2412
\u6562,2413
\u6563,2414
\u6566,2415
\u6569,2427
\u656B,8490
\u656C,2417
\u6570,2422
\u6572,2418
\u6574,2419
\u6577,2421
\u6587,2429
\u658B,7872
\u658C,2430
\u658F,8494
\u6590,2431
\u6591,2432
\u6593,2433
\u6597,2435
\u6599,2436
\u659B,2437
\u659C,2438
\u659D,2439
\u659F,2440
\u65A1,2441
\u65A2,2442
\u65A4,2443
\u65A5,2444
\u65A7,2445
\u65A8,2446
\u65A9,2447
\u65AB,4273
\u65AD,2451
\u65AF,2448
\u65B0,2450
\u65B9,2455
\u65BC,2456
\u65BD,2457
\u65C1,2460
\u65C2,2461
\u65C3,2462
\u65C4,2463
\u65C5,2464
\u65C6,2465
\u65CB,2467
\u65CC,2468
\u65CE,2459
\u65CF,2469
\u65D2,2471
\u65D6,2470
\u65D7,2475
\u65E0,2477
\u65E2,2478
\u65E5,2480
\u65E6,2481
\u65E7,5283
\u65E8,2482
\u65E9,2483
\u65EC,2484
\u65ED,2485
\u65F0,2486
\u65F1,2487
\u65F6,2514
\u65F7,2568
\u65F8,2543
\u65FA,2489
\u65FB,2549
\u6600,8502
\u6602,2491
\u6603,2493
\u6606,2492
\u6607,2573
\u6609,2499
\u660A,8504
\u660C,2490
\u660E,2494
\u660F,2495
\u6613,2496
\u6614,2497
\u6615,2500
\u6619,2560
\u661D,2501
\u661F,2502
\u6620,2503
\u6625,2504
\u6627,2505
\u6628,2506
\u662D,2507
\u662F,2508
\u6631,2509
\u6634,2510
\u6635,2511
\u6636,2512
\u663C,2521
\u663D,2570
\u663E,7359
\u6641,2513
\u6643,2515
\u664B,2516
\u664C,2517
\u664F,2518
\u6652,2488
\u6653,2556
\u6654,8518
\u6655,2546
\u6656,2547
\u6657,2498
\u665A,2519
\u665E,2522
\u665F,8508
\u6661,2523
\u6662,2520
\u6664,2524
\u6666,2526
\u6667,8510
\u6668,2525
\u666C,2536
\u666E,2528
\u666F,2529
\u6670,2530
\u6673,2531
\u6674,2532
\u6676,2533
\u6677,2534
\u667A,2535
\u667E,8512
\u6682,2548
\u6684,2537
\u6687,2538
\u668B,8513
\u668C,8514
\u668D,2539
\u668E,2527
\u6691,2540
\u6696,2541
\u6697,2542
\u669D,2544
\u66A7,8519
\u66A8,2555
\u66AE,2550
\u66B4,2552
\u66B9,2554
\u66BE,2557
\u66D9,2562
\u66DB,2564
\u66DC,2565
\u66DD,2566
\u66E6,2569
\u66E9,2571
\u66F0,2574
\u66F2,2575
\u66F3,2576
\u66F4,2577
\u66F7,2578
\u66F9,2580
\u66FC,2581
\u66FE,2582
\u66FF,2583
\u6700,2584
\u6708,2588
\u6709,2589
\u670A,5150
\u670B,2590
\u670D,2591
\u6710,2593
\u6713,2594
\u6714,2592
\u6715,2596
\u6717,2597
\u671B,2598
\u671D,2600
\u671F,2601
\u6726,2603
\u6728,2606
\u672A,2607
\u672B,2608
\u672C,2609
\u672D,2610
\u672F,2611
\u6731,2612
\u6734,2613
\u6735,2614
\u673A,2623
\u673D,2615
\u673F,2642
\u6740,3010
\u6742,7177
\u6743,2938
\u6745,8533
\u6746,2616
\u6748,2617
\u6749,2619
\u674C,2620
\u674E,2621
\u674F,2622
\u6750,2624
\u6751,2625
\u6753,2626
\u6756,2627
\u675C,2629
\u675E,2630
\u675F,2631
\u6760,8530
\u6761,2742
\u6765,0171
\u6768,2799
\u676A,2634
\u676D,2635
\u676F,2637
\u6770,2638
\u6772,2640
\u6773,2641
\u6775,2643
\u6777,2618
\u677B,8537
\u677C,2645
\u677E,2646
\u677F,2647
\u6781,2817
\u6784,2845
\u6787,2657
\u6789,2648
\u678B,2658
\u6790,2649
\u6795,2650
\u6797,2651
\u6798,2660
\u6799,2652
\u679A,2653
\u679C,2654
\u679D,2655
\u679E,2878
\u679F,8592
\u67A2,2873
\u67A3,2764
\u67A5,2931
\u67A7,8565
\u67A8,2763
\u67AA,2847
\u67AB,2800
\u67AD,2743
\u67AF,2661
\u67B0,2695
\u67B3,2663
\u67B5,2664
\u67B6,2665
\u67B7,2666
\u67B8,2667
\u67C1,2670
\u67C4,2671
\u67C8,2628
\u67CF,2672
\u67D0,2673
\u67D1,2674
\u67D2,2675
\u67D3,2676
\u67D4,2677
\u67D8,2678
\u67D9,2679
\u67DA,2680
\u67DC,2681
\u67DD,2682
\u67DE,2683
\u67E0,2899
\u67E2,2685
\u67E5,2686
\u67E9,2943
\u67EC,2687
\u67EE,2689
\u67EF,2688
\u67F0,2690
\u67F1,2691
\u67F3,2692
\u67F4,2693
\u67FD,2906
\u67FF,2636
\u6800,2738
\u6805,2694
\u6807,2871
\u6808,2770
\u6809,2802
\u680A,2934
\u680B,2767
\u680C,5260
\u680E,2929
\u680F,2936
\u6811,2885
\u6812,8558
\u6813,2633
\u6816,2722
\u6817,2698
\u681D,8552
\u681F,8559
\u6821,2699
\u6829,2700
\u682A,2701
\u6832,2723
\u6833,2724
\u6837,2876
\u6838,2702
\u6839,2704
\u683C,2706
\u683D,2707
\u683E,2940
\u6840,2708
\u6841,2709
\u6842,2710
\u6843,2711
\u6844,2725
\u6845,2712
\u6846,2713
\u6848,2714
\u6849,0043
\u684B,8557
\u684C,2715
\u684E,2716
\u6850,2717
\u6851,2718
\u6853,2719
\u6854,2720
\u6855,2721
\u6861,2889
\u6862,2823
\u6863,2909
\u6865,2890
\u6866,2901
\u6867,2910
\u6868,2862
\u6869,2866
\u686A,8591
\u686B,2726
\u686C,8560
\u686F,2756
\u6874,2727
\u6876,2729
\u6877,2730
\u6881,2733
\u6883,2732
\u6885,2734
\u6886,2735
\u688F,2736
\u6893,2737
\u6897,2739
\u68A0,2632
\u68A2,2744
\u68A6,1125
\u68A7,2745
\u68A8,2746
\u68AD,2747
\u68AF,2748
\u68B0,2750
\u68B1,2749
\u68B3,2752
\u68B5,2753
\u68BC,2917
\u68C0,2914
\u68C1,2751
\u68C2,2933
\u68C9,2758
\u68CB,2759
\u68CD,2760
\u68D0,2787
\u68D1,8566
\u68D2,2761
\u68D3,2788
\u68D5,2762
\u68D8,2765
\u68DA,2766
\u68E0,2768
\u68E3,2769
\u68E8,2790
\u68EB,2771
\u68EC,2772
\u68EE,2773
\u68F0,2774
\u68F1,2789
\u68F5,2644
\u68F8,8569
\u68F9,2777
\u68FA,2778
\u68FB,2780
\u68FC,2781
\u6901,2779
\u6905,2783
\u690D,2784
\u690E,2785
\u6910,2791
\u6911,8572
\u6912,2786
\u6913,2792
\u691D,8584
\u691F,2927
\u6920,2858
\u692B,8586
\u692D,2900
\u6930,2794
\u6934,1110
\u6935,3017
\u6939,2795
\u693D,2796
\u693F,2797
\u6940,8575
\u6942,8576
\u6954,2801
\u6959,8574
\u695A,2806
\u695D,2808
\u695E,2807
\u695F,7903
\u6960,2809
\u6962,2811
\u6963,2812
\u6966,2775
\u6969,2824
\u696B,2813
\u696E,2816
\u696F,2815
\u6977,2818
\u6978,2825
\u6979,2819
\u697C,2869
\u6982,2861
\u6983,3978
\u6984,2941
\u6986,2810
\u6987,2932
\u6988,2925
\u6989,8603
\u6994,2826
\u6995,2827
\u6996,2828
\u6998,2829
\u699B,2830
\u699C,2831
\u69A7,2833
\u69A8,2834
\u69AB,2835
\u69AD,2836
\u69B1,2838
\u69B4,2839
\u69B7,2854
\u69BB,2840
\u69BC,2855
\u69BE,2841
\u69C1,2842
\u69C5,2843
\u69CA,2844
\u69CC,2846
\u69CE,2848
\u69D0,2849
\u69D4,2863
\u69DA,2911
\u69DB,2920
\u69DC,8593
\u69DF,2919
\u69E0,2822
\u69E5,2877
\u69F2,2086
\u69FD,2864
\u69FE,2705
\u69FF,2865
\u6A0A,2868
\u6A0B,2697
\u6A11,2856
\u6A17,2880
\u6A1F,2874
\u6A21,2875
\u6A28,2898
\u6A2A,2897
\u6A2F,2915
\u6A31,2937
\u6A35,2884
\u6A3D,2886
\u6A3E,2887
\u6A44,2888
\u6A47,8587
\u6A50,2891
\u6A58,2904
\u6A59,2892
\u6A5B,2893
\u6A61,2895
\u6A65,8601
\u6A66,2870
\u6A71,8599
\u6A79,2924
\u6A7C,2928
\u6A80,2905
\u6A84,2907
\u6A8E,8589
\u6A90,2908
\u6A91,8594
\u6A96,2903
\u6AA0,2913
\u6AA9,2882
\u6AAC,2916
\u6AB4,8596
\u6B20,2944
\u6B21,2945
\u6B22,2970
\u6B23,2946
\u6B24,2968
\u6B27,2962
\u6B32,2948
\u6B37,2950
\u6B39,2951
\u6B3A,2952
\u6B3E,2949
\u6B43,2955
\u6B46,2956
\u6B47,2957
\u6B49,2959
\u6B4C,2960
\u6B54,2963
\u6B59,2965
\u6B62,2972
\u6B63,2973
\u6B64,2974
\u6B65,2975
\u6B66,2976
\u6B67,2978
\u6B6A,2977
\u6B79,2983
\u6B7B,2984
\u6B7C,3005
\u6B81,2985
\u6B82,2987
\u6B83,2988
\u6B84,2989
\u6B86,2990
\u6B87,2999
\u6B89,2991
\u6B8A,2992
\u6B8B,2995
\u6B8D,2993
\u6B92,2998
\u6B93,3003
\u6B95,2996
\u6B96,2994
\u6B9A,3000
\u6B9B,2997
\u6BA1,3004
\u6BAA,3002
\u6BB3,3007
\u6BB4,3016
\u6BB5,3008
\u6BB7,3009
\u6BBF,3013
\u6BC1,3014
\u6BC2,6560
\u6BC5,3015
\u6BCB,3019
\u6BCD,3018
\u6BCF,3020
\u6BD2,3021
\u6BD3,3022
\u6BD4,3024
\u6BD5,3968
\u6BD6,3025
\u6BD7,3026
\u6BD9,2426
\u6BDA,8632
\u6BDB,3029
\u6BE1,3030
\u6BEB,3032
\u6BEF,3034
\u6BF3,3035
\u6BF5,8633
\u6BF9,3039
\u6C05,3037
\u6C06,7239
\u6C07,5272
\u6C0D,3042
\u6C0F,3044
\u6C10,3045
\u6C11,3046
\u6C13,3047
\u6C14,3049
\u6C15,8646
\u6C16,6036
\u6C18,8647
\u6C19,7912
\u6C1A,8648
\u6C1B,3050
\u6C1E,8635
\u6C1F,8636
\u6C21,0598
\u6C22,8641
\u6C24,3052
\u6C25,8639
\u6C26,8640
\u6C27,8638
\u6C28,8637
\u6C29,8645
\u6C2A,4121
\u6C2E,8644
\u6C2F,3048
\u6C30,8642
\u6C32,3053
\u6C34,3055
\u6C38,3057
\u6C3E,3058
\u6C3F,8659
\u6C40,3060
\u6C41,3059
\u6C42,3061
\u6C46,8660
\u6C47,0565
\u6C49,3352
\u6C4A,3070
\u6C50,3071
\u6C54,3072
\u6C55,3073
\u6C57,3063
\u6C5B,3065
\u6C5C,3066
\u6C5D,3067
\u6C5E,3074
\u6C5F,3068
\u6C60,3069
\u6C61,3064
\u6C64,3282
\u6C67,3162
\u6C68,3075
\u6C69,3102
\u6C6A,3076
\u6C6D,3103
\u6C70,3077
\u6C72,3078
\u6C74,3079
\u6C76,3080
\u6C79,3081
\u6C7D,3086
\u6C7E,3083
\u6C81,3084
\u6C82,3085
\u6C83,3087
\u6C84,8661
\u6C85,3104
\u6C86,3100
\u6C87,8662
\u6C88,3088
\u6C89,3089
\u6C8C,3090
\u6C90,3092
\u6C93,3101
\u6C94,3094
\u6C96,3095
\u6C99,3097
\u6C9A,3098
\u6C9B,3099
\u6C9F,3297
\u6CA1,3093
\u6CA3,3488
\u6CA4,3371
\u6CA5,3468
\u6CA6,3229
\u6CA7,3318
\u6CA8,8688
\u6CA9,3415
\u6CAA,3337
\u6CAB,3106
\u6CAD,3145
\u6CAE,3107
\u6CB1,3108
\u6CB3,3109
\u6CB5,8712
\u6CB8,3110
\u6CB9,3111
\u6CBB,3112
\u6CBC,3113
\u6CBD,3114
\u6CBE,3115
\u6CBF,3116
\u6CC4,3118
\u6CC5,3120
\u6CC6,3122
\u6CC9,3123
\u6CCA,3124
\u6CCC,3125
\u6CD0,3147
\u6CD3,3126
\u6CD4,3121
\u6CD5,3127
\u6CD6,3148
\u6CD7,3128
\u6CDB,3131
\u6CDE,3438
\u6CE0,3132
\u6CE1,3133
\u6CE2,3134
\u6CE3,3135
\u6CE5,3136
\u6CE8,3137
\u6CEA,3223
\u6CEB,3138
\u6CEE,3140
\u6CEF,3139
\u6CF0,3141
\u6CF1,3142
\u6CF3,3144
\u6CF5,3119
\u6CF7,3478
\u6CF8,3472
\u6CFA,3458
\u6CFB,3454
\u6CFC,3380
\u6CFD,3419
\u6CFE,3193
\u6D01,3381
\u6D04,3150
\u6D0B,3152
\u6D0E,3154
\u6D11,3339
\u6D12,3155
\u6D17,3156
\u6D19,3178
\u6D1A,3179
\u6D1B,3157
\u6D1E,3159
\u6D25,3160
\u6D27,3161
\u6D28,3176
\u6D29,3129
\u6D2A,3163
\u6D2B,3164
\u6D2E,3165
\u6D31,3167
\u6D32,3166
\u6D33,3168
\u6D34,8671
\u6D35,3169
\u6D38,3171
\u6D39,3180
\u6D3A,3117
\u6D3B,3172
\u6D3C,3173
\u6D3D,3174
\u6D3E,3175
\u6D41,3177
\u6D43,3191
\u6D44,3228
\u6D45,3239
\u6D46,3364
\u6D47,3398
\u6D48,3170
\u6D49,3158
\u6D4A,3424
\u6D4B,3261
\u6D4D,3420
\u6D4E,3444
\u6D4F,3461
\u6D50,3151
\u6D51,3268
\u6D52,3338
\u6D53,3426
\u6D54,3410
\u6D55,3153
\u6D59,3181
\u6D5A,3182
\u6D5B,3233
\u6D5C,3203
\u6D60,3054
\u6D61,3202
\u6D63,3183
\u6D64,8677
\u6D65,3204
\u6D66,3184
\u6D69,3185
\u6D6A,3186
\u6D6C,3192
\u6D6E,3187
\u6D6F,3248
\u6D74,3188
\u6D77,3189
\u6D78,3190
\u6D7C,8680
\u6D82,3205
\u6D85,3206
\u6D88,3194
\u6D89,3195
\u6D8C,8673
\u6D8E,3241
\u6D91,3208
\u6D93,3197
\u6D94,3198
\u6D95,3199
\u6D9B,3447
\u6D9D,3399
\u6D9E,3200
\u6D9F,3353
\u6DA0,3246
\u6DA1,3260
\u6DA2,3201
\u6DA3,3251
\u6DA4,3321
\u6DA6,3387
\u6DA7,3386
\u6DA8,3360
\u6DA9,3396
\u6DAA,3242
\u6DAD,3249
\u6DAE,7795
\u6DAF,3209
\u6DB2,3210
\u6DB4,3243
\u6DB5,3211
\u6DB8,3212
\u6DBF,3214
\u6DC0,3244
\u6DC4,3245
\u6DC5,3215
\u6DC6,3216
\u6DC7,3217
\u6DCB,3218
\u6DCC,3358
\u6DD1,3219
\u6DD6,8681
\u6DD8,3221
\u6DD9,3222
\u6DDD,3224
\u6DDE,3247
\u6DE0,8685
\u6DE1,3225
\u6DE4,3226
\u6DE6,3227
\u6DEB,3230
\u6DEC,3231
\u6DEE,3232
\u6DF1,3234
\u6DF3,3196
\u6DF7,3236
\u6DF9,3238
\u6DFB,3240
\u6DFC,8693
\u6E05,3237
\u6E0A,3220
\u6E0C,8692
\u6E0D,3356
\u6E0E,3460
\u6E10,3362
\u6E11,3427
\u6E14,3342
\u6E17,3334
\u6E1A,3252
\u6E1B,3253
\u6E1D,3254
\u6E20,3255
\u6E21,3256
\u6E23,3257
\u6E24,3258
\u6E25,3259
\u6E29,3306
\u6E2D,3262
\u6E2F,3263
\u6E32,8694
\u6E34,3265
\u6E38,3266
\u6E3A,3267
\u6E43,3269
\u6E44,3270
\u6E4D,3273
\u6E4E,3274
\u6E53,3288
\u6E54,3289
\u6E56,3275
\u6E58,3276
\u6E5B,3277
\u6E5C,3290
\u6E5F,3207
\u6E67,3279
\u6E6B,3280
\u6E6E,3281
\u6E72,3283
\u6E7E,3494
\u6E7F,3440
\u6E81,3484
\u6E83,3391
\u6E85,3457
\u6E86,3375
\u6E87,3377
\u6E89,3346
\u6E8E,3370
\u6E8F,8697
\u6E90,3293
\u6E96,3294
\u6E98,3328
\u6E9A,7814
\u6E9C,3296
\u6E9F,3298
\u6EA0,3299
\u6EA2,3300
\u6EA5,3302
\u6EA7,3303
\u6EAA,3305
\u6EAF,3307
\u6EB1,3308
\u6EB2,3309
\u6EB4,8700
\u6EB5,3295
\u6EB6,3310
\u6EB7,3311
\u6EBA,3312
\u6EBD,3314
\u6EC1,3315
\u6EC2,3316
\u6EC3,3317
\u6EC7,3329
\u6EC9,8701
\u6ECB,3320
\u6ECF,8702
\u6ED1,3323
\u6ED3,3324
\u6ED4,3325
\u6ED5,3326
\u6ED8,3330
\u6EDA,3340
\u6EDE,3333
\u6EDF,3495
\u6EE0,3490
\u6EE1,3341
\u6EE2,8714
\u6EE4,3459
\u6EE5,3448
\u6EE6,3497
\u6EE7,3250
\u6EE8,3453
\u6EE9,3492
\u6EEA,3429
\u6EF4,3336
\u6EF9,3367
\u6F02,3343
\u6F06,3344
\u6F09,3369
\u6F0F,3345
\u6F13,3347
\u6F14,3348
\u6F15,3378
\u6F20,3351
\u6F26,3372
\u6F29,3373
\u6F2A,3354
\u6F2B,3355
\u6F2F,3374
\u6F31,3359
\u6F33,3361
\u6F36,3376
\u6F37,8708
\u6F3E,3363
\u6F47,3469
\u6F4B,3481
\u6F4D,3452
\u6F56,3404
\u6F58,3382
\u6F5C,3383
\u6F5E,3406
\u6F5F,3384
\u6F62,3385
\u6F66,3388
\u6F6D,3389
\u6F6E,3390
\u6F74,3393
\u6F75,3411
\u6F78,3394
\u6F7A,3395
\u6F7C,3392
\u6F82,3413
\u6F84,3397
\u6F88,3400
\u6F89,8709
\u6F8C,3402
\u6F8D,3412
\u6F8E,3403
\u6F94,3401
\u6F9B,3405
\u6F9C,3482
\u6FA1,3416
\u6FA7,3430
\u6FB3,3421
\u6FB4,3433
\u6FB6,3436
\u6FB9,3422
\u6FBC,3437
\u6FC0,3423
\u6FC2,3425
\u6FC9,3285
\u6FD1,3471
\u6FD2,3464
\u6FDE,3456
\u6FE0,3445
\u6FE1,3446
\u6FEC,3449
\u6FEE,3450
\u6FEF,3451
\u700C,8715
\u700D,3477
\u7011,3462
\u7014,1711
\u701A,3466
\u701B,3467
\u7023,3474
\u7039,3485
\u703C,3475
\u704C,3487
\u704F,3493
\u705E,3496
\u706B,3499
\u706D,3319
\u706F,3597
\u7070,3500
\u7075,7227
\u7076,3501
\u7078,3502
\u707A,8731
\u707C,3504
\u707E,3506
\u707F,3503
\u7080,3568
\u7085,8732
\u7089,3619
\u708A,3507
\u708E,3508
\u7092,3509
\u7094,7448
\u7095,3510
\u7096,3625
\u7098,3512
\u7099,3511
\u709C,3555
\u709D,7294
\u709E,3513
\u70AB,3514
\u70AC,3515
\u70AD,3516
\u70AE,3517
\u70AF,3518
\u70B1,3520
\u70B3,3521
\u70B7,3522
\u70B8,3498
\u70B9,7820
\u70BC,3550
\u70BD,3589
\u70C1,3617
\u70C2,3620
\u70C3,7899
\u70C8,3525
\u70D4,7906
\u70D8,3530
\u70D9,3529
\u70DB,3608
\u70DC,3531
\u70DD,3532
\u70DF,3533
\u70E4,3628
\u70E6,3565
\u70E7,3599
\u70E8,8763
\u70E9,2476
\u70EB,3594
\u70EC,3612
\u70ED,3583
\u70EF,7910
\u70F1,8741
\u70F7,7909
\u70F9,3534
\u70FA,3535
\u70FD,3536
\u7109,3547
\u710A,3549
\u710C,3537
\u7113,1799
\u7115,3562
\u7116,3626
\u7118,3614
\u7119,3538
\u711A,3539
\u711C,3540
\u7120,3546
\u7126,3542
\u712E,3624
\u712F,8743
\u7130,3543
\u7131,8746
\u7136,3544
\u7145,3548
\u714A,3551
\u714C,3552
\u714E,3553
\u715C,3558
\u715E,3559
\u7164,3561
\u7166,3563
\u7167,3564
\u7168,3566
\u716E,3554
\u717D,3569
\u7184,3571
\u718A,3574
\u718F,3575
\u7194,3579
\u7199,3556
\u719F,3578
\u71A0,3584
\u71A8,3580
\u71AC,3581
\u71B3,8759
\u71B5,7772
\u71B9,3588
\u71C3,3595
\u71CB,8761
\u71CE,3598
\u71D4,3600
\u71D5,3601
\u71E0,3603
\u71E5,3604
\u71E7,3606
\u71EE,3610
\u71F9,3611
\u71FF,3613
\u7206,3615
\u721D,3622
\u721F,3623
\u7228,3627
\u722A,3629
\u722C,3632
\u7230,3633
\u7231,1947
\u7235,3635
\u7236,3637
\u7237,3639
\u7238,3640
\u7239,3638
\u723B,3641
\u723D,3642
\u723F,3645
\u7241,3648
\u7242,3647
\u7247,3651
\u7248,3652
\u724C,3654
\u724D,3658
\u7252,3655
\u7256,3657
\u7259,3660
\u725B,3662
\u725D,3663
\u725F,3664
\u7261,3665
\u7262,3666
\u7263,3667
\u7266,3036
\u7267,3668
\u7269,3670
\u726E,8781
\u726F,3672
\u7272,3673
\u7275,3677
\u7277,3675
\u7279,3676
\u727A,3686
\u7280,3679
\u7281,3680
\u7284,8787
\u7287,8786
\u728A,3685
\u728B,3674
\u728D,3682
\u7292,3683
\u72AC,3689
\u72AF,3690
\u72B4,3691
\u72B6,3692
\u72B7,3755
\u72B9,3730
\u72C1,3696
\u72C2,3693
\u72C3,3694
\u72C4,3695
\u72C8,3709
\u72CD,6594
\u72CE,3697
\u72D0,3698
\u72D7,3699
\u72D9,3700
\u72DD,3751
\u72DE,3761
\u72E0,3703
\u72E1,3701
\u72E2,3713
\u72E8,8799
\u72E9,3704
\u72EC,3747
\u72ED,3707
\u72EE,3740
\u72EF,3748
\u72F0,3717
\u72F1,3739
\u72F2,3735
\u72F4,3705
\u72F7,3712
\u72F8,3706
\u72FA,3711
\u72FB,3710
\u72FC,3708
\u7301,3714
\u7303,8811
\u7306,8805
\u730A,3722
\u730E,3756
\u7314,3732
\u7315,8813
\u7316,3715
\u7317,3716
\u731B,3718
\u731C,3719
\u731D,3720
\u731E,3721
\u7321,3762
\u7322,3724
\u7325,3725
\u7329,3726
\u732A,3727
\u732B,3728
\u732C,5798
\u732E,3759
\u7331,3733
\u7334,3729
\u7337,3731
\u733A,3734
\u733E,3736
\u733F,3737
\u734D,3741
\u7350,3742
\u7352,3743
\u7357,3744
\u7360,3750
\u736C,3749
\u736D,3758
\u736F,3753
\u737E,8814
\u7384,3763
\u7387,3764
\u7389,3768
\u738B,3769
\u7391,3875
\u7394,3772
\u7395,3771
\u7396,3773
\u7399,3889
\u739B,3854
\u739F,3774
\u73A0,3775
\u73A2,3776
\u73A5,8819
\u73A6,3777
\u73A9,3779
\u73AB,3780
\u73AE,3837
\u73AF,3883
\u73B0,3807
\u73B1,3856
\u73B2,3781
\u73B3,3782
\u73B7,3783
\u73BA,3886
\u73BB,3788
\u73C0,3789
\u73C2,3784
\u73C8,3786
\u73C9,3787
\u73CA,3790
\u73CD,3791
\u73CF,3778
\u73D0,8828
\u73D1,3891
\u73D6,3798
\u73D9,3797
\u73DE,3794
\u73E0,3796
\u73E3,3800
\u73E5,3799
\u73E7,3804
\u73E9,3801
\u73EA,3802
\u73ED,3803
\u73EE,3805
\u73F0,3885
\u73F2,8829
\u73F6,3813
\u73FA,8823
\u73FD,3806
\u7403,3808
\u7405,3809
\u7406,3810
\u7407,3811
\u7409,3812
\u740A,3815
\u740E,3871
\u740F,8834
\u7410,3851
\u7415,3816
\u741A,3818
\u741B,3819
\u7422,3820
\u7424,3821
\u7425,3822
\u7426,3823
\u7428,3824
\u742A,3825
\u742C,3834
\u742E,3827
\u742F,3828
\u7430,8827
\u7432,3836
\u7433,3829
\u7434,3830
\u7435,3832
\u7436,3831
\u7437,8826
\u743C,8825
\u7441,3847
\u7442,8831
\u7444,8830
\u7454,8832
\u7455,3838
\u7457,3850
\u7459,3839
\u745A,3840
\u745B,3841
\u745C,3842
\u745E,3843
\u745F,3844
\u7462,8833
\u746D,8835
\u7470,3855
\u7471,3859
\u7476,3852
\u7477,8842
\u7478,3888
\u747E,3866
\u7480,3862
\u7483,3863
\u7486,3868
\u7487,3872
\u748B,3864
\u748E,3892
\u7490,3873
\u7498,3876
\u749C,3874
\u749E,3877
\u749F,3878
\u74A0,3879
\u74A7,3880
\u74A8,3881
\u74A9,8840
\u74B2,3887
\u74D2,3895
\u74DC,3900
\u74DE,3901
\u74E0,3902
\u74E2,3903
\u74E3,3904
\u74E4,3905
\u74E6,3907
\u74E9,3926
\u74EE,3908
\u74EF,3917
\u74F4,3909
\u74F6,3910
\u74F7,3911
\u74FB,3912
\u74FF,3916
\u7503,3913
\u7504,3914
\u750D,3918
\u750F,8853
\u7511,3920
\u7513,3921
\u7518,3927
\u7519,8384
\u751A,3928
\u751C,3929
\u751F,3932
\u7521,3933
\u7525,3935
\u7526,3936
\u7528,3938
\u7529,3943
\u752A,3939
\u752B,3940
\u752C,3941
\u752D,8005
\u752F,3942
\u7530,3944
\u7531,3945
\u7532,3946
\u7533,3947
\u7535,7193
\u7537,3948
\u7538,3949
\u753A,3957
\u753B,3973
\u753E,3951
\u7540,3952
\u7545,2545
\u7548,8858
\u754B,3953
\u754C,3954
\u754E,3955
\u754F,3956
\u7551,3524
\u7554,3961
\u7559,3966
\u755A,3962
\u755B,3963
\u755C,3964
\u7564,3969
\u7565,3970
\u7566,3971
\u756A,3972
\u756C,3974
\u756F,3975
\u7574,3985
\u7578,3982
\u7579,3979
\u757F,3983
\u7583,8859
\u7586,3984
\u758B,3988
\u758F,3990
\u7591,3992
\u7592,3994
\u7594,3995
\u7596,4081
\u7597,4070
\u7599,4095
\u759A,3998
\u759D,3999
\u759F,4061
\u75A0,4078
\u75A1,4046
\u75A2,8864
\u75A3,4001
\u75A4,4002
\u75A5,4003
\u75AB,4004
\u75AC,4087
\u75AE,4056
\u75AF,4045
\u75B0,4020
\u75B1,6711
\u75B2,4006
\u75B3,4007
\u75B4,4008
\u75B5,4009
\u75B8,4010
\u75B9,4011
\u75BC,4012
\u75BD,4013
\u75BE,4014
\u75C2,4018
\u75C3,3996
\u75C4,4005
\u75C5,4016
\u75C7,4017
\u75C8,4092
\u75C9,3997
\u75CA,4019
\u75CD,4021
\u75D2,4022
\u75D4,4023
\u75D5,4024
\u75D8,4026
\u75DB,4027
\u75DE,4028
\u75E0,4000
\u75E2,4031
\u75E3,4029
\u75E4,8871
\u75E7,4025
\u75E8,4072
\u75EA,4050
\u75EB,4073
\u75F0,4033
\u75F1,4032
\u75F3,4034
\u75F4,4035
\u75F9,4036
\u75FC,4037
\u75FF,4039
\u7600,4040
\u7601,4041
\u7603,8873
\u7604,8875
\u7605,8883
\u7608,8876
\u760C,8877
\u7610,4049
\u7615,4051
\u7617,4053
\u7618,4068
\u761D,4048
\u761F,4054
\u7620,4055
\u7622,4057
\u7624,4058
\u7625,4059
\u7626,4060
\u7629,4079
\u762A,4085
\u762B,4093
\u762D,8880
\u7630,4064
\u7633,4065
\u7634,4066
\u7635,4067
\u7638,4063
\u763C,4069
\u763E,4090
\u763F,4086
\u7643,4071
\u764C,4074
\u7652,8884
\u7656,4075
\u765C,4080
\u765E,4088
\u7663,4089
\u766B,4094
\u766F,4091
\u7676,4096
\u7678,4097
\u767B,4098
\u767D,4101
\u767E,4102
\u767F,8895
\u7682,4103
\u7684,4104
\u7686,4105
\u7687,4106
\u7688,4107
\u768B,4108
\u768E,4109
\u7691,4114
\u7693,4110
\u7696,4111
\u769E,4116
\u76A4,4115
\u76AE,4122
\u76B1,4126
\u76B2,4125
\u76B4,4123
\u76BF,4129
\u76C2,4130
\u76C5,4132
\u76C6,4133
\u76C8,4134
\u76CA,4135
\u76CD,4137
\u76CE,4138
\u76CF,4144
\u76D0,7770
\u76D1,4148
\u76D2,4139
\u76D4,4140
\u76D6,5556
\u76D7,4142
\u76D8,4149
\u76DB,4141
\u76DD,4143
\u76DF,4145
\u76E5,4150
\u76E6,4152
\u76EA,4155
\u76EC,4156
\u76EE,4158
\u76EF,4169
\u76F1,4173
\u76F2,4159
\u76F4,4160
\u76F8,4161
\u76F9,8901
\u76FB,4171
\u76FC,4162
\u76FE,4163
\u7701,4164
\u7704,4165
\u7707,4166
\u7708,4167
\u7709,4168
\u770B,4170
\u7719,4182
\u771A,8904
\u771B,4175
\u771F,4176
\u7720,4177
\u7722,8905
\u7726,4180
\u7728,4172
\u7729,4181
\u772C,4237
\u772D,4242
\u772F,4183
\u7735,4184
\u7736,4186
\u7737,4187
\u7738,4188
\u773A,4189
\u773C,4190
\u7740,4192
\u7741,4201
\u7747,4195
\u7750,4202
\u7751,3636
\u775A,4199
\u775B,4200
\u7761,4204
\u7762,4205
\u7763,4206
\u7765,4211
\u7766,4207
\u7768,4194
\u776B,4208
\u776C,4174
\u7779,4212
\u777D,8915
\u777E,4203
\u777F,4213
\u7780,4214
\u7784,4178
\u7785,4197
\u7786,4231
\u778B,4217
\u778C,4209
\u778E,4219
\u7791,4220
\u7792,4221
\u779F,8918
\u77A0,4222
\u77A5,4224
\u77A7,4225
\u77A9,4241
\u77AA,4223
\u77AB,8919
\u77AC,4226
\u77AD,4229
\u77B0,4230
\u77B3,4227
\u77BB,4232
\u77BD,4233
\u77BF,4234
\u77CD,4236
\u77D7,4238
\u77DB,4243
\u77DC,4244
\u77DE,4245
\u77E2,4247
\u77E3,4248
\u77E5,4249
\u77E7,4250
\u77E9,4251
\u77EB,4255
\u77EC,8926
\u77ED,4252
\u77EE,4253
\u77F3,4258
\u77F6,4335
\u77F8,1632
\u77FB,4262
\u77FC,4260
\u77FD,8928
\u77FE,4345
\u77FF,4349
\u7800,4307
\u7801,4316
\u7802,4263
\u7806,4261
\u7809,4264
\u780C,4265
\u780D,4266
\u7811,4267
\u7812,4268
\u7814,4282
\u7816,4331
\u7817,4287
\u7818,1116
\u781A,4291
\u781C,4277
\u781D,8935
\u781F,4270
\u7820,8933
\u7822,8931
\u7823,8932
\u7825,4272
\u7826,4274
\u7827,4278
\u7829,1468
\u782C,4246
\u782D,4269
\u7830,4280
\u7834,4275
\u7837,8938
\u7838,4271
\u7839,0032
\u783A,4350
\u783B,4352
\u783C,4279
\u783E,4351
\u7840,4342
\u7841,4284
\u7845,8944
\u7847,6257
\u784E,4283
\u7850,8943
\u7852,8970
\u7855,4311
\u7856,4286
\u7857,4338
\u7859,4328
\u785A,8965
\u785D,4285
\u786A,8948
\u786B,4288
\u786C,4289
\u786D,8947
\u786E,4292
\u7875,4330
\u7877,8969
\u787C,4296
\u7887,4299
\u7889,4306
\u788C,4294
\u788D,4293
\u788E,4295
\u7891,4301
\u7893,4302
\u7894,4300
\u7897,4297
\u7898,4290
\u789A,8951
\u789B,4332
\u789F,4308
\u78A1,4304
\u78A3,4309
\u78A7,4310
\u78B0,4314
\u78B1,4354
\u78B2,0556
\u78B3,8955
\u78B4,4329
\u78B6,8956
\u78BE,4317
\u78C1,4318
\u78C5,4319
\u78C9,4327
\u78CA,4320
\u78CB,4322
\u78D0,4323
\u78D4,4325
\u78D5,4326
\u78D9,4324
\u78DC,4312
\u78E1,8962
\u78E8,4333
\u78EC,4334
\u78F2,4336
\u78F4,4347
\u78F7,4340
\u78FA,4337
\u7901,4339
\u7903,7925
\u7905,4321
\u791E,8968
\u7933,4346
\u7934,4353
\u793A,4355
\u793C,4409
\u793D,4356
\u793E,4357
\u7940,4358
\u7941,4359
\u7943,4401
\u7946,4360
\u7947,4361
\u7948,4362
\u7949,4363
\u794A,4366
\u794E,4400
\u7950,4368
\u7953,4369
\u7956,4371
\u795A,4373
\u795B,4374
\u795C,4375
\u795D,4376
\u795E,4377
\u795F,4378
\u7960,4379
\u7962,4410
\u7965,4382
\u7967,4383
\u7968,4384
\u796D,4385
\u796F,4394
\u7972,4381
\u7977,4411
\u7978,4393
\u797A,4388
\u7980,4390
\u7981,4391
\u7984,4389
\u7985,4407
\u798A,4397
\u798F,4395
\u7998,4396
\u799A,8981
\u79A0,4404
\u79A4,8983
\u79A7,4406
\u79B3,4412
\u79B8,4415
\u79B9,4416
\u79BA,4417
\u79BB,4418
\u79BD,4419
\u79BE,4421
\u79C0,4423
\u79C1,4424
\u79C3,4422
\u79C6,4427
\u79C9,4426
\u79CB,4428
\u79CD,4429
\u79D1,4430
\u79D2,4432
\u79D5,4431
\u79D8,4434
\u79DF,4436
\u79E3,4438
\u79E4,4439
\u79E6,4440
\u79E7,4441
\u79E9,4442
\u79EB,4443
\u79ED,4444
\u79EF,4480
\u79F0,4468
\u79F8,4447
\u79FB,4448
\u79FD,4486
\u79FE,4487
\u7A00,4449
\u7A02,4450
\u7A0B,4453
\u7A0D,4455
\u7A0E,4451
\u7A14,4457
\u7A16,8993
\u7A17,4458
\u7A1A,4460
\u7A1E,4459
\u7A20,4464
\u7A23,4479
\u7A33,4489
\u7A37,4469
\u7A39,4466
\u7A3B,4470
\u7A3C,4471
\u7A3D,4472
\u7A3F,4473
\u7A44,4475
\u7A46,4476
\u7A51,4484
\u7A57,4482
\u7A5E,4491
\u7A70,4492
\u7A74,4494
\u7A76,4496
\u7A77,4522
\u7A78,4497
\u7A79,4498
\u7A7A,4500
\u7A7F,4502
\u7A80,4503
\u7A81,4499
\u7A83,4537
\u7A84,4504
\u7A85,4505
\u7A86,4506
\u7A88,4507
\u7A8D,4534
\u7A8E,4525
\u7A91,4523
\u7A92,4510
\u7A95,4511
\u7A96,4512
\u7A97,4514
\u7A98,4515
\u7A9C,4533
\u7A9D,4519
\u7A9F,4516
\u7AA0,4517
\u7AA3,4528
\u7AA5,4529
\u7AA6,4535
\u7AA8,4518
\u7AAC,4521
\u7AAD,4526
\u7AB3,4524
\u7AB8,4527
\u7ABE,4530
\u7ABF,9002
\u7ACB,4539
\u7AD1,4540
\u7AD6,4549
\u7AD9,4541
\u7ADC,9005
\u7ADE,4552
\u7ADF,4544
\u7AE0,4545
\u7AE3,4546
\u7AE5,4547
\u7AE6,4548
\u7AED,4550
\u7AEF,4551
\u7AF9,4554
\u7AFA,4555
\u7AFD,4556
\u7AFF,4557
\u7B03,4648
\u7B04,4558
\u7B06,4576
\u7B08,4559
\u7B0A,4560
\u7B0B,4571
\u7B0F,4561
\u7B11,4562
\u7B14,4581
\u7B15,4600
\u7B19,4563
\u7B1B,4564
\u7B1E,4565
\u7B20,4567
\u7B24,4566
\u7B25,4568
\u7B26,4569
\u7B28,4570
\u7B2A,4572
\u7B2B,4573
\u7B2C,4574
\u7B2E,4575
\u7B31,4578
\u7B33,4579
\u7B3A,4608
\u7B3C,4705
\u7B3E,4710
\u7B45,4580
\u7B47,4582
\u7B49,4583
\u7B4A,4584
\u7B4B,4585
\u7B4C,4586
\u7B4E,4588
\u7B4F,4589
\u7B50,4590
\u7B51,4591
\u7B52,4592
\u7B54,4594
\u7B56,4595
\u7B58,9010
\u7B5A,4656
\u7B5B,4652
\u7B5D,4620
\u7B60,4596
\u7B6E,4602
\u7B71,4607
\u7B72,4603
\u7B75,4605
\u7B77,4599
\u7B79,4693
\u7B7E,4687
\u7B7F,4646
\u7B80,4675
\u7B87,4612
\u7B8D,4611
\u7B90,4621
\u7B93,4700
\u7B94,4613
\u7B95,4614
\u7B97,4615
\u7B9C,4625
\u7B9D,4617
\u7BA1,4619
\u7BA6,4660
\u7BA7,4640
\u7BA8,4703
\u7BA9,4712
\u7BAA,4673
\u7BAB,4682
\u7BAC,4627
\u7BAD,4628
\u7BB1,4630
\u7BB4,4631
\u7BB8,4632
\u7BC1,4635
\u7BC6,4637
\u7BC7,4638
\u7BCC,4667
\u7BD1,4676
\u7BD3,4664
\u7BD9,4643
\u7BDA,4644
\u7BDD,4645
\u7BE1,4647
\u7BE5,9018
\u7BE6,4653
\u7BEA,4654
\u7BEE,4691
\u7BEF,4702
\u7BF0,4716
\u7BF1,4713
\u7BF2,4655
\u7BF7,4659
\u7BFE,4668
\u7C03,4669
\u7C07,4662
\u7C09,9020
\u7C0B,4663
\u7C0C,4665
\u7C0F,4666
\u7C15,4661
\u7C16,1113
\u7C1F,4672
\u7C20,4674
\u7C26,4678
\u7C27,4679
\u7C2A,4681
\u7C30,9023
\u7C38,4684
\u7C3F,4689
\u7C40,4699
\u7C41,4704
\u7C4D,4694
\u7C50,4696
\u7C5D,9024
\u7C73,4717
\u7C74,4756
\u7C7B,7352
\u7C7C,4729
\u7C7D,4750
\u7C89,4720
\u7C91,4757
\u7C92,4721
\u7C95,4722
\u7C97,4723
\u7C98,4724
\u7C9C,4759
\u7C9D,4755
\u7C9E,9035
\u7C9F,4725
\u7CA2,4726
\u7CA4,4727
\u7CA5,4728
\u7CA6,9036
\u7CAA,4747
\u7CAC,7363
\u7CAE,9037
\u7CB1,4731
\u7CB2,4732
\u7CB3,4734
\u7CB9,4733
\u7CBC,4736
\u7CBD,9040
\u7CBE,4737
\u7CC1,4746
\u7CC5,9041
\u7CC7,4742
\u7CC8,4738
\u7CCA,4739
\u7CCC,9048
\u7CCD,0371
\u7CD5,4741
\u7CD6,4743
\u7CD7,4744
\u7CD9,4751
\u7CDC,4745
\u7CDF,4748
\u7CE0,4749
\u7CEF,4754
\u7CF8,4761
\u7CFB,4762
\u7D0A,4772
\u7D20,4790
\u7D22,4792
\u7D27,4868
\u7D2B,4793
\u7D2F,4797
\u7D6E,4825
\u7D77,4916
\u7DA6,4847
\u7DAE,4851
\u7E3B,4919
\u7E41,4907
\u7E47,4925
\u7E82,4951
\u7E9B,4966
\u7EA0,4763
\u7EA1,4768
\u7EA2,4767
\u7EA3,4765
\u7EA4,4960
\u7EA5,4769
\u7EA6,4766
\u7EA7,4787
\u7EA8,4770
\u7EA9,4962
\u7EAA,4764
\u7EAB,4771
\u7EAC,4885
\u7EAD,4789
\u7EAE,4785
\u7EAF,4783
\u7EB0,9055
\u7EB1,4784
\u7EB2,4854
\u7EB3,4780
\u7EB4,4777
\u7EB5,4912
\u7EB6,4858
\u7EB7,4788
\u7EB8,4786
\u7EB9,4773
\u7EBA,4791
\u7EBC,9053
\u7EBD,4781
\u7EBE,4782
\u7EBF,4848
\u7EC0,4802
\u7EC1,9057
\u7EC2,4811
\u7EC3,4886
\u7EC4,4809
\u7EC5,4800
\u7EC6,4798
\u7EC7,4930
\u7EC8,4807
\u7EC9,4900
\u7ECA,4810
\u7ECB,4803
\u7ECC,4806
\u7ECD,4801
\u7ECE,4946
\u7ECF,4842
\u7ED0,4805
\u7ED1,4834
\u7ED2,4823
\u7ED3,4814
\u7ED4,4818
\u7ED5,4935
\u7ED6,4826
\u7ED8,4940
\u7ED9,4822
\u7EDA,4821
\u7EDB,4829
\u7EDC,4820
\u7EDD,4815
\u7EDE,4819
\u7EDF,4827
\u7EE0,4837
\u7EE1,4843
\u7EE2,4831
\u7EE3,4836
\u7EE5,4840
\u7EE6,4969
\u7EE7,4949
\u7EE8,4835
\u7EE9,4921
\u7EEA,4872
\u7EEB,4866
\u7EEC,9069
\u7EED,4958
\u7EEE,4860
\u7EEF,4869
\u7EF0,4862
\u7EF2,9064
\u7EF3,4939
\u7EF4,4850
\u7EF5,4875
\u7EF6,4849
\u7EF7,4855
\u7EF8,4846
\u7EFA,4859
\u7EFB,4870
\u7EFC,4844
\u7EFD,4861
\u7EFE,4852
\u7EFF,4845
\u7F00,4856
\u7F01,4867
\u7F02,9065
\u7F03,4889
\u7F04,4873
\u7F05,4884
\u7F06,4968
\u7F07,4895
\u7F08,4893
\u7F09,4874
\u7F0A,4888
\u7F0C,4880
\u7F0E,4876
\u7F0F,4794
\u7F10,4775
\u7F11,9071
\u7F12,4899
\u7F13,4883
\u7F14,4877
\u7F15,4917
\u7F16,4882
\u7F17,4891
\u7F18,4878
\u7F19,4897
\u7F1A,4902
\u7F1B,4904
\u7F1C,4903
\u7F1D,4911
\u7F1E,4901
\u7F1F,4908
\u7F20,4961
\u7F21,4926
\u7F22,4898
\u7F23,4906
\u7F24,4952
\u7F25,4918
\u7F26,4915
\u7F27,4913
\u7F28,4964
\u7F29,4799
\u7F2A,4924
\u7F2B,4923
\u7F2C,4956
\u7F2D,4933
\u7F2E,4931
\u7F2F,4938
\u7F30,4943
\u7F31,4953
\u7F33,4944
\u7F34,4945
\u7F35,4957
\u7F36,4970
\u7F38,4971
\u7F3A,4972
\u7F42,4981
\u7F44,4977
\u7F45,4978
\u7F4D,4982
\u7F50,4984
\u7F51,4986
\u7F54,4987
\u7F55,4988
\u7F57,5012
\u7F58,4989
\u7F5A,5000
\u7F5F,4992
\u7F61,4993
\u7F62,5007
\u7F68,5001
\u7F69,4996
\u7F6A,4997
\u7F6E,4999
\u7F71,4493
\u7F72,5002
\u7F74,5013
\u7F79,5008
\u7F7D,5010
\u7F7E,9088
\u7F81,5015
\u7F8A,5017
\u7F8C,5018
\u7F8E,5019
\u7F91,5020
\u7F94,5021
\u7F9A,5024
\u7F9D,5025
\u7F9E,5026
\u7F9F,7278
\u7FA1,5029
\u7FA4,5028
\u7FA7,5033
\u7FAF,5031
\u7FB0,7856
\u7FB2,5032
\u7FB8,5035
\u7FB9,5036
\u7FBC,5037
\u7FBD,5038
\u7FBF,5056
\u7FC0,5039
\u7FC1,5040
\u7FC5,5041
\u7FCA,5042
\u7FCC,5043
\u7FCE,5044
\u7FD4,5046
\u7FD5,5047
\u7FD8,5062
\u7FDA,5057
\u7FDF,5049
\u7FE0,5050
\u7FE1,5051
\u7FE5,5053
\u7FE6,5054
\u7FE9,5055
\u7FEE,5058
\u7FF0,5060
\u7FF1,5063
\u7FF3,5061
\u7FFB,5064
\u7FFC,5065
\u8000,5069
\u8001,5071
\u8003,5072
\u8004,5073
\u8005,5074
\u8006,5075
\u800B,5077
\u800C,5079
\u800D,5080
\u8010,5082
\u8012,5085
\u8014,5086
\u8015,5087
\u8016,0390
\u8017,5088
\u8018,5089
\u8019,5090
\u801C,5091
\u8020,2605
\u8022,5092
\u8026,5096
\u8027,5098
\u8028,5097
\u8029,5095
\u802A,6590
\u8030,5099
\u8033,5101
\u8036,5102
\u8038,5117
\u803B,5103
\u803D,5104
\u803F,5105
\u8042,5119
\u8043,5106
\u8046,5107
\u804A,5108
\u804B,5122
\u804C,5120
\u8052,5109
\u8054,5114
\u8058,5111
\u805A,5112
\u8069,5118
\u806A,5115
\u8071,9107
\u807F,5124
\u8083,5126
\u8084,5125
\u8086,5127
\u8087,5128
\u8089,5131
\u808B,5132
\u808C,5133
\u8093,5134
\u8096,5135
\u8098,5136
\u809A,5137
\u809B,5138
\u809D,5139
\u80A0,5214
\u80A1,5140
\u80A2,5141
\u80A4,5227
\u80A5,5142
\u80A9,5144
\u80AA,9112
\u80AB,5145
\u80AE,7542
\u80AF,5146
\u80B1,5147
\u80B2,5148
\u80B4,5149
\u80B7,5222
\u80BA,5151
\u80BC,3661
\u80BE,5200
\u80BF,5209
\u80C0,5195
\u80C1,5178
\u80C2,5155
\u80C3,5152
\u80C4,5153
\u80C6,9116
\u80CC,5154
\u80CD,5157
\u80CE,5158
\u80D4,5156
\u80D6,5160
\u80D9,5161
\u80DA,5162
\u80DB,9113
\u80DC,0524
\u80DD,5164
\u80DE,5165
\u80E1,5170
\u80E4,5255
\u80E5,5171
\u80E7,2604
\u80E8,0616
\u80EA,5251
\u80EB,5185
\u80ED,5168
\u80EF,5169
\u80F0,5166
\u80F1,5180
\u80F3,5163
\u80F4,0634
\u80F6,5231
\u80F8,5172
\u80FA,5143
\u80FC,5173
\u80FD,5174
\u80FE,5175
\u8102,5176
\u8106,5186
\u8109,9115
\u810A,5182
\u810D,5239
\u810F,5253
\u8110,5247
\u8111,5207
\u8112,5167
\u8113,5240
\u8114,5254
\u8116,9126
\u8118,5184
\u811A,5183
\u811E,9120
\u8127,5189
\u8129,5190
\u812C,5193
\u812F,5194
\u8131,5192
\u8132,6295
\u8138,5245
\u813E,5196
\u813F,5211
\u8146,5197
\u8148,5187
\u814A,5198
\u814B,5199
\u814C,9131
\u8150,5201
\u8151,5202
\u8153,5203
\u8154,5204
\u8155,5205
\u8158,5226
\u8160,5216
\u8165,5206
\u8169,5220
\u816D,7890
\u816E,5210
\u8170,5212
\u8171,5213
\u8174,5208
\u8179,5215
\u817A,5177
\u817B,5232
\u817E,7506
\u817F,5217
\u8180,5218
\u8182,5219
\u8188,5224
\u818A,5225
\u818F,5221
\u8191,9141
\u8198,9136
\u819B,5228
\u819C,5229
\u819D,5230
\u81A8,5191
\u81B3,5234
\u81BA,5235
\u81BB,5238
\u81C0,5241
\u81C2,5242
\u81C3,5250
\u81C6,5244
\u81CA,5246
\u81CC,1746
\u81D1,9140
\u81E3,5256
\u81E7,5258
\u81EA,5261
\u81EC,5262
\u81ED,5263
\u81F3,5267
\u81F4,5268
\u81FB,5271
\u81FC,5273
\u81FE,5274
\u8200,5276
\u8201,5275
\u8202,5277
\u8204,5278
\u8205,5279
\u8206,6559
\u820C,5286
\u820D,5287
\u8210,5288
\u8212,5289
\u8214,7897
\u8216,5291
\u8218,5290
\u821B,5292
\u821C,5293
\u821E,5294
\u821F,5297
\u8221,5299
\u8222,9152
\u8223,5320
\u8228,9153
\u822A,5300
\u822B,5302
\u822C,5301
\u8230,5324
\u8231,5319
\u8233,5310
\u8234,5311
\u8235,5305
\u8236,5306
\u8237,5304
\u8238,5308
\u8239,5307
\u823A,9154
\u823B,5325
\u8244,5314
\u8247,5312
\u824B,5313
\u8258,5318
\u825F,5321
\u8268,5322
\u826E,5327
\u826F,5328
\u8270,5329
\u8272,5331
\u8273,5333
\u8278,5335
\u827A,5669
\u827D,5336
\u827E,5337
\u827F,5350
\u8282,4634
\u8283,5338
\u8284,5339
\u8288,9090
\u828A,5340
\u828B,5341
\u828D,5342
\u828E,5343
\u8291,5344
\u8292,5345
\u8297,5577
\u8298,9167
\u8299,5346
\u829C,5617
\u829D,5347
\u829F,5348
\u82A1,5349
\u82A4,5351
\u82A5,5354
\u82A6,5684
\u82A7,5352
\u82A8,5353
\u82A9,5355
\u82AA,5356
\u82AB,5357
\u82AC,5358
\u82AD,5359
\u82AE,5360
\u82AF,5361
\u82B0,5362
\u82B1,5363
\u82B3,5364
\u82B7,5365
\u82B8,5366
\u82B9,5367
\u82BC,5369
\u82BD,5370
\u82BE,5372
\u82C1,9190
\u82C4,5380
\u82C7,5517
\u82CB,5454
\u82CC,5500
\u82CD,5547
\u82CE,5389
\u82CF,5685
\u82D1,5373
\u82D2,5375
\u82D3,5376
\u82D4,5377
\u82D5,5378
\u82D7,5379
\u82D8,7305
\u82DB,5381
\u82DC,5382
\u82DE,5383
\u82DF,5384
\u82E1,5386
\u82E3,5385
\u82E4,7154
\u82E5,5387
\u82E6,5388
\u82EB,5390
\u82EF,0058
\u82F1,5391
\u82F4,5392
\u82F9,5393
\u82FB,5394
\u82FE,5396
\u8300,5397
\u8301,5398
\u8302,5399
\u8303,5400
\u8304,5401
\u8305,5403
\u8306,5374
\u8307,5404
\u8308,5402
\u8309,5406
\u830C,0421
\u830E,5449
\u830F,5693
\u8311,5596
\u8313,9166
\u8314,1041
\u8315,3560
\u8317,5407
\u831B,1706
\u831C,5409
\u831D,5436
\u8327,4942
\u8328,5412
\u832B,5413
\u832C,9173
\u832D,5414
\u832F,5415
\u8331,5416
\u8334,5418
\u8335,5419
\u8336,5420
\u8338,5422
\u8339,5423
\u833C,7905
\u8340,5424
\u8343,5425
\u8344,5437
\u8345,9171
\u8346,5427
\u8347,5429
\u8349,5430
\u834F,5432
\u8350,5433
\u8351,5434
\u8352,5435
\u8354,5408
\u835A,5453
\u835B,5609
\u835C,5598
\u835D,9181
\u835E,5606
\u835F,5634
\u8360,5654
\u8361,5616
\u8363,2837
\u8364,5526
\u8365,3322
\u8366,3684
\u8367,3576
\u8368,7915
\u8369,5660
\u836A,5549
\u836B,5593
\u836F,5522
\u8377,5440
\u8378,5428
\u837B,5441
\u837C,5442
\u837D,5443
\u8385,5444
\u8386,5455
\u8389,5461
\u838E,5446
\u8392,5447
\u8393,5448
\u8398,5450
\u8399,5483
\u839C,5371
\u839E,5451
\u83A0,5452
\u83A6,9174
\u83A8,5456
\u83A9,5457
\u83AA,5458
\u83AB,5459
\u83B1,5490
\u83B2,5571
\u83B3,5535
\u83B4,5504
\u83B7,3752
\u83B8,5607
\u83B9,3853
\u83BA,7727
\u83BC,5573
\u83BD,5462
\u83C0,5463
\u83C1,5464
\u83C5,5465
\u83C7,5466
\u83CA,5468
\u83CC,5497
\u83CF,3235
\u83D1,5469
\u83D4,5472
\u83D6,5471
\u83D8,5473
\u83DC,5475
\u83DF,5460
\u83E0,5474
\u83E1,5496
\u83E9,5476
\u83EA,0429
\u83F0,5479
\u83F1,5480
\u83F2,5481
\u83F8,5510
\u83F9,5484
\u83FC,5485
\u83FD,5486
\u83FE,7875
\u8401,5487
\u8403,5488
\u8404,5426
\u840B,5491
\u840C,5492
\u840D,5493
\u840E,5494
\u840F,5564
\u8418,6055
\u841A,5690
\u841C,5489
\u841D,5700
\u8424,5821
\u8425,3602
\u8426,4896
\u8427,5618
\u8428,5646
\u8429,5498
\u8431,5503
\u8438,5505
\u8439,5506
\u843C,5501
\u843D,5507
\u8446,5508
\u8451,5531
\u8457,5511
\u845A,5513
\u845B,5514
\u8460,9185
\u8461,5515
\u8463,5516
\u8469,5518
\u846B,5519
\u846C,5520
\u846D,5521
\u8471,5523
\u8473,5524
\u8475,5525
\u8478,5527
\u847A,5528
\u8482,5530
\u8487,5621
\u8489,5614
\u848B,5592
\u848C,5589
\u848E,6397
\u8497,4538
\u8499,5536
\u849C,5537
\u849E,5539
\u849F,5540
\u84A1,5538
\u84A8,5541
\u84AF,5566
\u84B2,5543
\u84B4,7801
\u84B8,5544
\u84B9,5545
\u84BA,5546
\u84BD,1419
\u84BF,5548
\u84C1,5550
\u84C2,5551
\u84C4,5552
\u84C6,5553
\u84C9,5554
\u84CA,5555
\u84CD,5558
\u84CF,5559
\u84D0,5562
\u84D1,5560
\u84D3,5563
\u84D6,5557
\u84DD,5663
\u84DF,5636
\u84E3,5626
\u84E5,9496
\u84E6,7513
\u84EA,9186
\u84EC,5570
\u84F0,5572
\u84F7,9191
\u84FC,5578
\u84FF,5581
\u850C,5565
\u8511,5583
\u8513,5585
\u8517,5587
\u851A,5588
\u8521,5591
\u852B,5576
\u852C,5600
\u8534,5594
\u8537,5638
\u8539,5692
\u853A,5677
\u853B,5575
\u853C,5676
\u853D,5599
\u8543,5603
\u8548,5622
\u8549,5604
\u854A,5605
\u8556,5608
\u8559,5610
\u855E,5612
\u8564,5624
\u8568,5615
\u8570,5619
\u8572,5682
\u8574,5686
\u857A,5601
\u857B,5584
\u857E,5628
\u8584,5631
\u8585,5632
\u8587,5633
\u858F,5650
\u859B,5641
\u859C,5643
\u85A2,5630
\u85A4,5648
\u85A8,5645
\u85AA,5647
\u85AE,5674
\u85AF,5620
\u85B0,5651
\u85B3,5652
\u85B8,9195
\u85B9,5653
\u85C1,5664
\u85C9,5659
\u85CF,5661
\u85D0,5662
\u85D3,5691
\u85D5,5665
\u85DC,5668
\u85E0,3650
\u85E4,5671
\u85E9,5672
\u85FB,5679
\u85FF,5681
\u8605,5683
\u8611,5704
\u8616,5649
\u8627,5698
\u8629,5694
\u8638,5699
\u863C,5701
\u864D,5705
\u864E,5706
\u864F,5712
\u8650,5707
\u8651,1982
\u8652,9213
\u8654,5709
\u865A,5711
\u865E,5713
\u8662,5716
\u866B,5722
\u866C,5876
\u866E,5843
\u8671,5723
\u8679,5725
\u867A,5726
\u867B,5724
\u867D,7173
\u867E,5802
\u867F,5860
\u8680,5793
\u8681,5852
\u8682,5818
\u8683,5858
\u868A,5730
\u868B,5731
\u868C,5732
\u868D,5728
\u8693,5727
\u8695,5729
\u869C,5742
\u869D,5823
\u86A3,5733
\u86A4,5734
\u86A7,5735
\u86A8,5738
\u86A9,5736
\u86AA,5737
\u86AC,9223
\u86AF,5739
\u86B0,5740
\u86B1,5741
\u86B4,5755
\u86B6,5743
\u86C0,5746
\u86C4,5745
\u86C6,5747
\u86C7,5748
\u86C9,5749
\u86CA,5872
\u86CB,5751
\u86CE,5869
\u86CF,5855
\u86D0,5792
\u86D1,5750
\u86D4,5784
\u86D8,5761
\u86D9,5752
\u86DB,5753
\u86DE,4157
\u86DF,5754
\u86E4,5756
\u86E9,5757
\u86ED,5759
\u86EE,5875
\u86F0,5832
\u86F1,5758
\u86F2,7455
\u86F3,5825
\u86F4,9242
\u86F8,5768
\u86F9,5769
\u86FE,5760
\u8700,5771
\u8702,5762
\u8703,5763
\u8705,5797
\u8707,5764
\u8708,5765
\u8709,5772
\u870A,5774
\u870D,5773
\u8712,5783
\u8713,5767
\u8715,5770
\u8717,5815
\u8718,5776
\u871A,5777
\u871C,5778
\u871E,5786
\u8721,5779
\u8722,5789
\u8723,5780
\u8725,5782
\u8729,5781
\u872E,5790
\u8731,7023
\u8734,5785
\u8737,5806
\u873B,5808
\u873E,5811
\u873F,5800
\u8747,5859
\u8748,5841
\u8749,5848
\u874C,5809
\u874E,5791
\u8753,9227
\u8757,5794
\u8758,5795
\u8759,5796
\u8760,5799
\u8763,5812
\u8764,9230
\u8765,5801
\u876E,5803
\u8774,5814
\u8776,5805
\u877B,5813
\u877C,5829
\u8782,5788
\u8783,5824
\u8785,7911
\u878D,5816
\u8793,9231
\u8797,9236
\u879F,5820
\u87A8,5819
\u87AB,5826
\u87AC,5834
\u87AD,5835
\u87AF,5837
\u87B3,5838
\u87B5,9237
\u87BA,5828
\u87BD,5830
\u87C0,5839
\u87C6,5840
\u87CA,5833
\u87CB,5842
\u87CF,5870
\u87D1,7924
\u87D2,5845
\u87DB,5846
\u87E0,5847
\u87E2,9240
\u87E5,2434
\u87EA,5844
\u87EE,5807
\u87F9,5851
\u87FE,5853
\u8803,5856
\u880B,9241
\u8813,5817
\u8815,5862
\u8816,5863
\u881B,5864
\u8821,5867
\u8822,5868
\u882D,9244
\u8832,5873
\u8839,5871
\u8840,5877
\u8844,5880
\u8845,5881
\u884C,5887
\u884D,5888
\u8852,5891
\u8854,6902
\u8857,5894
\u8859,5895
\u8861,5899
\u8862,5900
\u8863,5902
\u8865,5943
\u8868,5903
\u8869,5908
\u886B,5904
\u886C,6000
\u886E,5981
\u8870,5905
\u8872,5906
\u8877,5907
\u887D,5910
\u887E,5911
\u887F,5912
\u8881,5913
\u8882,5927
\u8884,5984
\u8885,5934
\u8886,5966
\u8888,5914
\u888B,5915
\u888D,5916
\u8892,5917
\u8896,5918
\u889C,5920
\u88A2,5983
\u88A4,5924
\u88AA,5925
\u88AB,5926
\u88AD,6002
\u88B1,5931
\u88C0,5936
\u88C1,5932
\u88C2,5933
\u88C5,5944
\u88C6,5991
\u88C8,5960
\u88CE,5935
\u88D2,5938
\u88D4,5939
\u88D5,5940
\u88D8,5941
\u88D9,5942
\u88DF,5945
\u88E2,9260
\u88E3,5990
\u88E4,5974
\u88E8,5947
\u88F0,5949
\u88F1,5950
\u88F3,5951
\u88F4,5952
\u88F8,5953
\u88F9,5955
\u88FC,5954
\u88FE,5957
\u8902,5962
\u890A,5959
\u8910,5964
\u8912,5988
\u8913,5965
\u8919,5967
\u891A,5969
\u891B,5997
\u8921,5968
\u8925,5970
\u8926,5975
\u892A,5963
\u892B,5972
\u8930,5973
\u8934,5996
\u8936,5977
\u8941,5982
\u8944,5980
\u895E,9268
\u895F,5992
\u8966,5993
\u8976,6004
\u897E,6006
\u897F,6007
\u8981,6008
\u8983,6009
\u8986,6010
\u89C1,6015
\u89C2,6034
\u89C3,6029
\u89C4,6016
\u89C5,6017
\u89C6,6018
\u89C7,6019
\u89C8,6031
\u89C9,6030
\u89CA,6025
\u89CB,6021
\u89CC,6032
\u89CD,6033
\u89CE,6022
\u89CF,6026
\u89D0,6027
\u89D1,6028
\u89D2,6037
\u89D4,6038
\u89D6,6039
\u89DA,6040
\u89DC,9278
\u89DE,6050
\u89E3,6043
\u89E5,6044
\u89E6,6051
\u89EB,6046
\u89F1,6048
\u89F3,6049
\u8A00,6056
\u8A07,6059
\u8A1A,6147
\u8A3E,6088
\u8A48,6091
\u8A5F,6242
\u8A79,6124
\u8A89,6235
\u8A8A,6187
\u8A93,6129
\u8B07,6190
\u8B26,6205
\u8B66,6226
\u8B6C,6229
\u8BA1,6060
\u8BA2,6057
\u8BA3,6058
\u8BA4,6126
\u8BA5,6217
\u8BA6,6063
\u8BA7,6069
\u8BA8,6062
\u8BA9,6245
\u8BAA,6065
\u8BAB,6066
\u8BAC,6067
\u8BAD,6064
\u8BAE,6231
\u8BAF,6061
\u8BB0,6068
\u8BB1,6072
\u8BB2,6199
\u8BB3,6172
\u8BB4,6209
\u8BB5,6093
\u8BB6,6074
\u8BB7,6077
\u8BB8,6079
\u8BB9,6073
\u8BBA,6158
\u8BBB,6081
\u8BBC,6075
\u8BBD,6174
\u8BBE,6080
\u8BBF,6078
\u8BC0,6076
\u8BC1,6086
\u8BC2,6089
\u8BC3,6084
\u8BC4,6097
\u8BC5,6100
\u8BC6,6221
\u8BC7,9287
\u8BC8,6094
\u8BC9,6083
\u8BCA,6085
\u8BCB,6090
\u8BCC,6188
\u8BCD,6101
\u8BCE,6099
\u8BCF,6096
\u8BD1,6230
\u8BD2,6095
\u8BD3,6119
\u8BD4,6120
\u8BD5,6107
\u8BD6,6118
\u8BD7,6108
\u8BD8,6113
\u8BD9,6117
\u8BDA,6134
\u8BDB,6121
\u8BDD,6114
\u8BDE,6130
\u8BDF,6110
\u8BE0,6112
\u8BE1,6111
\u8BE2,6104
\u8BE3,6105
\u8BE4,6154
\u8BE5,6115
\u8BE6,6116
\u8BE7,6109
\u8BE8,9294
\u8BE9,6103
\u8BEA,6234
\u8BEB,6135
\u8BEC,6136
\u8BED,6133
\u8BEE,6132
\u8BEF,6137
\u8BF0,6138
\u8BF1,6131
\u8BF2,6140
\u8BF3,6128
\u8BF4,6141
\u8BF5,6139
\u8BF7,6153
\u8BF8,6175
\u8BF9,6155
\u8BFA,6179
\u8BFB,6236
\u8BFC,6157
\u8BFD,6145
\u8BFE,6143
\u8BFF,6152
\u8C00,6161
\u8C01,6142
\u8C02,6159
\u8C03,6148
\u8C04,6149
\u8C05,6156
\u8C06,6150
\u8C07,6144
\u8C08,6151
\u8C09,9300
\u8C0A,6146
\u8C0B,6180
\u8C0C,6186
\u8C0D,6183
\u8C0E,6192
\u8C0F,6169
\u8C10,6168
\u8C11,6195
\u8C12,6181
\u8C13,6182
\u8C14,6166
\u8C15,6170
\u8C16,6178
\u8C17,6243
\u8C18,6171
\u8C19,6173
\u8C1A,6176
\u8C1B,6167
\u8C1C,6193
\u8C1D,6163
\u8C1E,6162
\u8C1F,6206
\u8C20,6249
\u8C21,6204
\u8C22,6200
\u8C23,6202
\u8C24,6196
\u8C25,6198
\u8C26,6197
\u8C27,6194
\u8C28,6210
\u8C29,6211
\u8C2A,6207
\u8C2B,6237
\u8C2C,6208
\u8C2D,6223
\u8C2E,6220
\u8C2F,6222
\u8C30,9301
\u8C31,6225
\u8C32,6216
\u8C33,6250
\u8C34,6232
\u8C35,6228
\u8C36,6244
\u8C37,6253
\u8C41,6255
\u8C46,6258
\u8C47,6263
\u8C49,6262
\u8C4C,6261
\u8C55,6269
\u8C5A,6270
\u8C61,6272
\u8C62,6273
\u8C68,6274
\u8C6A,6275
\u8C6B,6276
\u8C6D,6278
\u8C6E,9317
\u8C73,6279
\u8C78,6282
\u8C79,6283
\u8C7A,6284
\u8C82,6285
\u8C85,6287
\u8C86,6286
\u8C89,6288
\u8C8A,6289
\u8C8C,6290
\u8C94,6293
\u8D1D,6296
\u8D1E,6297
\u8D1F,6298
\u8D20,9322
\u8D21,6300
\u8D22,6299
\u8D23,6307
\u8D24,6343
\u8D25,2408
\u8D26,6348
\u8D27,6303
\u8D28,6347
\u8D29,6305
\u8D2A,6304
\u8D2B,6302
\u8D2C,6312
\u8D2D,6356
\u8D2E,6308
\u8D2F,6306
\u8D30,6310
\u8D31,6345
\u8D32,6321
\u8D33,6322
\u8D34,6317
\u8D35,6311
\u8D36,6315
\u8D37,6313
\u8D38,6319
\u8D39,6316
\u8D3A,6320
\u8D3B,6318
\u8D3C,6329
\u8D3D,6360
\u8D3E,6328
\u8D3F,6325
\u8D41,6324
\u8D42,6323
\u8D43,6368
\u8D44,6327
\u8D45,6326
\u8D46,6367
\u8D47,6334
\u8D48,6331
\u8D49,6336
\u8D4A,6332
\u8D4B,6346
\u8D4C,6350
\u8D4D,6340
\u8D4E,6370
\u8D4F,6339
\u8D50,6337
\u8D51,6369
\u8D52,6335
\u8D53,6342
\u8D54,6341
\u8D56,6351
\u8D57,6352
\u8D58,6361
\u8D59,6355
\u8D5A,6354
\u8D5B,6357
\u8D5C,6358
\u8D5D,6372
\u8D5E,6363
\u8D60,6362
\u8D61,6365
\u8D62,6366
\u8D63,6373
\u8D64,6375
\u8D66,6376
\u8D67,6377
\u8D6A,6380
\u8D6B,6378
\u8D6D,6379
\u8D70,6382
\u8D73,6383
\u8D74,6384
\u8D75,6392
\u8D76,6385
\u8D77,6386
\u8D81,6387
\u8D84,6388
\u8D85,6389
\u8D8A,6390
\u8D8B,6395
\u8D91,6394
\u8D9F,6396
\u8DA3,6393
\u8DB1,9328
\u8DB3,6398
\u8DB5,6399
\u8DB8,6485
\u8DBA,6402
\u8DBC,3644
\u8DBE,6400
\u8DC3,6460
\u8DC4,6461
\u8DCB,6405
\u8DCC,6407
\u8DCE,6408
\u8DCF,6409
\u8DD1,6410
\u8DD6,6412
\u8DDA,6413
\u8DDB,6414
\u8DDD,6415
\u8DDF,6418
\u8DE3,6420
\u8DE4,9332
\u8DE8,6421
\u8DEA,6422
\u8DEB,6417
\u8DEC,6423
\u8DEF,6424
\u8DF3,6426
\u8DF5,6432
\u8DF7,6475
\u8DF8,6462
\u8DF9,6494
\u8DFA,1118
\u8DFB,6487
\u8DFD,6427
\u8E09,6428
\u8E0A,6429
\u8E0C,6486
\u8E0F,6431
\u8E14,6433
\u8E16,6434
\u8E1D,6435
\u8E1E,6436
\u8E1F,6442
\u8E21,6441
\u8E22,6437
\u8E23,6438
\u8E26,9337
\u8E27,6439
\u8E29,6425
\u8E2A,9338
\u8E2C,6492
\u8E2E,6443
\u8E2F,6490
\u8E31,6453
\u8E35,6446
\u8E39,6447
\u8E3D,6449
\u8E40,6454
\u8E41,6450
\u8E42,6451
\u8E44,6452
\u8E47,6456
\u8E48,6457
\u8E49,6458
\u8E4A,6459
\u8E50,6455
\u8E51,6495
\u8E52,6466
\u8E53,6448
\u8E59,6464
\u8E66,6498
\u8E69,9345
\u8E6C,6478
\u8E6D,6479
\u8E6F,6471
\u8E70,6480
\u8E72,6472
\u8E74,6473
\u8E76,6474
\u8E7C,9349
\u8E81,6481
\u8E85,6483
\u8E87,6484
\u8E8F,6497
\u8E90,6489
\u8E9E,9351
\u8EAB,6500
\u8EAC,6501
\u8EAD,6502
\u8EAF,6504
\u8EB2,6503
\u8EBA,6507
\u8F66,6508
\u8F67,6509
\u8F68,6510
\u8F69,6513
\u8F6B,6514
\u8F6C,6567
\u8F6D,6515
\u8F6E,6544
\u8F6F,6516
\u8F70,6575
\u8F71,6517
\u8F72,9363
\u8F73,6578
\u8F74,6519
\u8F75,6520
\u8F76,6522
\u8F77,6521
\u8F78,6518
\u8F79,6577
\u8F7A,6523
\u8F7B,6535
\u8F7C,6524
\u8F7D,6528
\u8F7E,6531
\u8F7F,6569
\u8F82,6526
\u8F83,6525
\u8F84,6532
\u8F85,6534
\u8F86,6538
\u8F87,6542
\u8F88,6543
\u8F89,6540
\u8F8A,6547
\u8F8B,6545
\u8F8D,6541
\u8F8E,6539
\u8F8F,6550
\u8F90,6553
\u8F91,6549
\u8F93,6551
\u8F94,6576
\u8F95,6562
\u8F96,6561
\u8F97,6558
\u8F98,6564
\u8F99,6568
\u8F9A,9368
\u8F9B,6580
\u8F9C,6581
\u8F9E,6588
\u8F9F,6582
\u8FA3,6584
\u8FA8,6587
\u8FA9,6589
\u8FAB,4947
\u8FB0,6591
\u8FB1,6592
\u8FB5,6595
\u8FB9,6708
\u8FBD,6697
\u8FBE,6671
\u8FC1,6692
\u8FC2,6596
\u8FC4,6597
\u8FC5,6598
\u8FC7,6665
\u8FC8,6701
\u8FCE,6601
\u8FD0,6663
\u8FD1,6602
\u8FD3,6603
\u8FD4,6604
\u8FD8,6703
\u8FD9,6638
\u8FDB,6651
\u8FDC,6678
\u8FDD,6672
\u8FDE,6647
\u8FDF,6688
\u8FE2,6606
\u8FE4,6607
\u8FE5,6608
\u8FE6,6609
\u8FE8,6610
\u8FE9,6705
\u8FEA,6611
\u8FEB,6612
\u8FED,6613
\u8FEE,9374
\u8FF0,6615
\u8FF3,6635
\u8FF7,6617
\u8FF8,6618
\u8FF9,6619
\u8FFA,6621
\u8FFD,6620
\u9000,6622
\u9001,6623
\u9002,6624
\u9003,6625
\u9004,6614
\u9005,6626
\u9006,6627
\u9009,6693
\u900A,6676
\u900B,6628
\u900D,6630
\u900F,6631
\u9010,6632
\u9011,6633
\u9012,6677
\u9014,6634
\u9016,6636
\u9017,6637
\u901A,6639
\u901B,6640
\u901D,6641
\u901E,6642
\u901F,6643
\u9020,6644
\u9021,6645
\u9022,6646
\u9026,6710
\u902D,6648
\u902E,6649
\u902F,6629
\u9035,6652
\u9036,6653
\u9038,6654
\u903B,6709
\u903C,6656
\u903E,6661
\u9041,6658
\u9042,6659
\u9044,6660
\u9047,6657
\u904D,6664
\u904F,6666
\u9050,6667
\u9051,6668
\u9052,6669
\u9053,6670
\u9057,6695
\u9058,6673
\u905B,6675
\u9062,6681
\u9063,6680
\u9065,6674
\u9068,6683
\u906D,6685
\u906E,6686
\u9074,6689
\u9075,6690
\u907D,6698
\u907F,6699
\u9080,6700
\u9082,6702
\u9083,6706
\u9088,6707
\u908B,9380
\u9091,6712
\u9093,6772
\u9095,6716
\u9097,6714
\u9098,9386
\u9099,6715
\u909B,6713
\u909D,6782
\u90A0,6724
\u90A1,6720
\u90A2,6717
\u90A3,6719
\u90A6,6721
\u90A8,6722
\u90AA,6723
\u90AC,6762
\u90AE,6755
\u90AF,6725
\u90B0,6733
\u90B1,6726
\u90B3,6729
\u90B4,6728
\u90B5,6730
\u90B6,6731
\u90B8,6732
\u90B9,6760
\u90BA,6777
\u90BB,6775
\u90BD,6734
\u90C1,6735
\u90C3,6740
\u90C4,6742
\u90C5,6736
\u90C7,6737
\u90C8,9390
\u90CA,6738
\u90CE,6745
\u90CF,6751
\u90D0,6778
\u90D1,6774
\u90D3,9398
\u90D7,6741
\u90DA,9392
\u90DB,6744
\u90DC,6750
\u90DD,6787
\u90E1,6746
\u90E2,6747
\u90E4,6748
\u90E6,6786
\u90E7,6765
\u90E8,6752
\u90EB,9395
\u90ED,6753
\u90EF,6756
\u90F4,6754
\u90F8,6779
\u90FD,6757
\u90FE,9401
\u90FF,6758
\u9102,6759
\u9104,6761
\u910C,6764
\u9119,6766
\u911A,9409
\u911C,6771
\u911E,6769
\u9120,6770
\u9122,6768
\u9123,9410
\u912F,6781
\u9131,6776
\u9142,6783
\u9143,6784
\u9146,6785
\u9149,6788
\u914A,6789
\u914B,6790
\u914C,6791
\u914D,6792
\u914E,6793
\u9150,1638
\u9152,6794
\u9157,6796
\u915A,1568
\u915D,6824
\u915E,6811
\u9161,6801
\u9162,6797
\u9163,6799
\u9164,6800
\u9165,6798
\u9169,6802
\u916A,6803
\u916C,6804
\u916E,7904
\u916F,7927
\u9170,7913
\u9171,6830
\u9172,6805
\u9174,6809
\u9175,6806
\u9176,5326
\u9177,6807
\u9178,6808
\u9179,6810
\u917D,9433
\u917E,9432
\u917F,6840
\u9185,6813
\u9187,6815
\u9189,6816
\u918B,6818
\u918C,4128
\u918D,6819
\u9190,6820
\u9191,9428
\u9192,6821
\u919A,5721
\u919B,7379
\u91A2,6826
\u91A3,7864
\u91AA,6828
\u91AD,0085
\u91AE,6831
\u91AF,6832
\u91B4,6833
\u91B5,6835
\u91BA,6836
\u91C6,6845
\u91C7,6846
\u91C9,6848
\u91CA,6847
\u91CC,6849
\u91CD,6850
\u91CE,6851
\u91CF,6852
\u91D1,6855
\u91DC,6858
\u9274,7003
\u92AE,7019
\u92C6,9462
\u933E,6983
\u936A,9482
\u938F,9497
\u93CA,9495
\u93D6,6971
\u946B,9515
\u9486,1576
\u9487,7918
\u9488,6859
\u9489,6857
\u948A,6856
\u948B,9437
\u948C,5100
\u948D,7907
\u948E,7244
\u948F,6861
\u9490,9438
\u9491,9442
\u9492,9440
\u9493,6860
\u9494,5330
\u9495,6381
\u9496,9486
\u9497,6865
\u9498,9446
\u9499,6862
\u949A,0359
\u949B,7835
\u949C,6880
\u949D,6868
\u949E,6872
\u949F,6988
\u94A0,6871
\u94A1,9468
\u94A2,6921
\u94A4,6870
\u94A5,7011
\u94A6,2953
\u94A7,6874
\u94A8,7005
\u94A9,6869
\u94AA,3993
\u94AB,9443
\u94AC,2982
\u94AD,9445
\u94AE,6873
\u94AF,6867
\u94B0,6877
\u94B1,6929
\u94B2,6891
\u94B3,6883
\u94B4,6895
\u94B5,6886
\u94B6,4100
\u94B7,7182
\u94B9,6876
\u94BA,6885
\u94BB,9449
\u94BC,9453
\u94BD,7843
\u94BE,6905
\u94BF,6879
\u94C0,6914
\u94C1,6993
\u94C2,6896
\u94C3,6875
\u94C4,7007
\u94C5,6884
\u94C6,9450
\u94C7,6888
\u94C8,7775
\u94C9,6881
\u94CA,7809
\u94CB,6940
\u94CC,6281
\u94CD,9448
\u94CE,6995
\u94CF,6889
\u94D0,9456
\u94D1,4553
\u94D2,1436
\u94D3,6916
\u94D4,9472
\u94D5,7921
\u94D7,6911
\u94D9,6984
\u94DB,6997
\u94DC,6894
\u94DD,6986
\u94DF,7920
\u94E0,6963
\u94E1,9484
\u94E2,6899
\u94E3,6897
\u94E4,6910
\u94E5,0576
\u94E6,6901
\u94E7,6985
\u94E8,6898
\u94E9,9494
\u94EA,1760
\u94EB,6903
\u94EC,9459
\u94ED,6900
\u94EE,6927
\u94EF,7597
\u94F0,6890
\u94F1,7917
\u94F2,6980
\u94F3,6893
\u94F5,6941
\u94F6,6892
\u94F7,7560
\u94F8,6999
\u94F9,6909
\u94FA,6917
\u94FB,6918
\u94FC,4414
\u94FD,7870
\u94FE,6969
\u94FF,6972
\u9500,6906
\u9501,6956
\u9502,9465
\u9504,6915
\u9505,6938
\u9506,1691
\u9507,1154
\u9508,6907
\u9509,6908
\u950B,6912
\u950C,6854
\u950E,3987
\u950F,9505
\u9510,6904
\u9511,6982
\u9512,9467
\u9513,6913
\u9514,3767
\u9515,0026
\u9516,9478
\u9517,7926
\u9518,6959
\u9519,6934
\u951A,6931
\u951B,6935
\u951C,6936
\u951D,0539
\u951E,9481
\u951F,6924
\u9520,9480
\u9521,6932
\u9522,6933
\u9523,7017
\u9524,6925
\u9525,6923
\u9526,6930
\u9527,9514
\u9528,9475
\u952B,6844
\u952C,9477
\u952D,6928
\u952E,6943
\u952F,6920
\u9530,7021
\u9531,6926
\u9532,6951
\u9533,9487
\u9534,6946
\u9535,6973
\u9536,7600
\u9537,6948
\u9538,6950
\u9539,6942
\u953A,6945
\u953B,6939
\u953D,6949
\u953E,6953
\u953F,0028
\u9540,6947
\u9541,9485
\u9542,6979
\u9543,6961
\u9544,1561
\u9545,5296
\u9547,6966
\u9549,9493
\u954A,7015
\u954C,6990
\u954D,6996
\u954E,6014
\u954F,9490
\u9550,6964
\u9551,6967
\u9552,6965
\u9553,3006
\u9554,7001
\u9556,6977
\u9557,6974
\u9558,6976
\u955B,6978
\u955C,6975
\u955D,6970
\u955E,6968
\u9561,9509
\u9562,9510
\u9563,9507
\u9564,7235
\u9565,5266
\u9566,9503
\u9567,4420
\u9568,9506
\u9569,0381
\u956A,6987
\u956B,6989
\u956C,7000
\u956D,7012
\u956E,6994
\u956F,6992
\u9570,6991
\u9571,7919
\u9573,7009
\u9574,4257
\u9576,7013
\u957F,7022
\u95E8,7024
\u95E9,7025
\u95EA,7026
\u95EB,7027
\u95EC,7029
\u95ED,7028
\u95EE,0795
\u95EF,7068
\u95F0,7032
\u95F1,7057
\u95F2,7033
\u95F3,7031
\u95F4,7035
\u95F5,7036
\u95F7,1899
\u95F8,7037
\u95F9,9527
\u95FA,7043
\u95FB,5113
\u95FC,7077
\u95FD,7044
\u95FE,7047
\u95FF,7065
\u9600,7042
\u9601,7041
\u9602,7039
\u9603,7045
\u9604,7596
\u9605,7048
\u9606,7046
\u9607,7062
\u9608,7054
\u9609,7050
\u960A,7049
\u960B,7594
\u960C,7064
\u960D,7053
\u960E,7051
\u960F,7052
\u9610,7073
\u9611,7061
\u9612,7055
\u9613,7072
\u9614,7059
\u9615,7060
\u9616,7066
\u9617,7063
\u9619,7067
\u961A,7074
\u961B,7076
\u961C,7079
\u961D,7080
\u961F,7130
\u9621,7082
\u962A,7090
\u962E,7086
\u9631,7088
\u9632,7089
\u9633,7122
\u9634,7113
\u9635,7109
\u9636,7132
\u963B,7091
\u963C,7092
\u963D,9532
\u963F,7093
\u9640,7094
\u9642,7095
\u9644,7096
\u9645,7139
\u9646,7120
\u9647,7150
\u9648,7115
\u9649,7102
\u964B,7097
\u964C,7099
\u964D,7100
\u9650,7098
\u9654,7101
\u9655,7104
\u965B,7103
\u965E,7105
\u965F,7106
\u9661,7107
\u9662,7108
\u9664,7110
\u9667,7129
\u9668,7134
\u9669,7145
\u966A,7111
\u966C,7112
\u9672,7114
\u9674,7116
\u9675,7117
\u9676,7118
\u9677,7119
\u9685,7126
\u9686,7127
\u9688,7128
\u968B,7131
\u968D,7124
\u968F,7151
\u9690,7148
\u9694,7133
\u9697,7136
\u9698,7137
\u9699,7138
\u969C,7140
\u96A7,7143
\u96B0,7147
\u96B3,7149
\u96B6,7152
\u96B9,7155
\u96BB,7156
\u96BC,7157
\u96BD,7165
\u96BE,7181
\u96C0,7158
\u96C1,7159
\u96C4,7160
\u96C5,7161
\u96C6,7162
\u96C7,7163
\u96C9,7164
\u96CC,7166
\u96CD,7167
\u96CE,7168
\u96CF,7176
\u96D2,7170
\u96D5,7171
\u96D8,7174
\u96E0,6241
\u96E8,7183
\u96E9,7184
\u96EA,7185
\u96EF,7186
\u96F3,7225
\u96F6,7190
\u96F7,7191
\u96F9,7192
\u96FE,7212
\u9700,7194
\u9701,7221
\u9702,7195
\u9704,7197
\u9706,7200
\u9707,7201
\u9708,7198
\u9709,7199
\u970D,7202
\u970E,7203
\u970F,7204
\u9713,7206
\u9716,7207
\u971C,7208
\u971E,7209
\u972A,7214
\u972D,7224
\u9730,7213
\u9732,7216
\u9738,7218
\u9739,7219
\u973E,7223
\u9752,7230
\u9753,7232
\u9754,9552
\u9756,7231
\u9759,7234
\u975B,7233
\u975E,7236
\u9760,7237
\u9761,7238
\u9762,7240
\u9765,7243
\u9769,7245
\u9770,7250
\u9773,7246
\u9774,7247
\u9776,7249
\u977A,9555
\u977C,9557
\u9785,7248
\u978B,7256
\u978D,7254
\u9791,7275
\u9798,7258
\u97A0,7263
\u97A1,7260
\u97A3,7558
\u97A8,9560
\u97AB,7265
\u97AD,7267
\u97AE,7268
\u97AF,7277
\u97B2,7271
\u97B4,7272
\u97E6,7279
\u97E7,7282
\u97E8,7280
\u97E9,7281
\u97EA,7289
\u97EB,7291
\u97EC,7290
\u97ED,7295
\u97F3,7299
\u97F5,7301
\u97F6,7300
\u9875,7306
\u9876,7307
\u9877,7308
\u9878,7310
\u9879,7309
\u987A,7311
\u987B,7312
\u987C,7320
\u987D,7316
\u987E,7357
\u987F,7319
\u9880,7322
\u9881,7317
\u9882,7313
\u9883,7314
\u9884,7315
\u9885,7361
\u9886,7325
\u9887,7324
\u9888,7338
\u9889,7327
\u988A,7335
\u988B,9576
\u988C,9577
\u988D,3379
\u988E,3585
\u988F,7331
\u9890,7328
\u9891,7340
\u9892,7334
\u9893,7339
\u9894,7318
\u9895,7336
\u9896,4481
\u9897,7341
\u9898,7344
\u9899,9581
\u989A,7329
\u989B,7348
\u989C,7346
\u989D,7345
\u989F,7354
\u98A0,7351
\u98A1,7350
\u98A2,7355
\u98A3,4955
\u98A4,7358
\u98A6,7360
\u98A7,7362
\u98CE,7364
\u98CF,7370
\u98D2,7366
\u98D3,7367
\u98D4,7368
\u98D5,7372
\u98D6,7371
\u98D7,7375
\u98D8,7373
\u98D9,7374
\u98DE,7378
\u98DF,7380
\u98E7,7385
\u98E8,7440
\u990D,7441
\u9910,7404
\u992E,7421
\u9954,7438
\u9955,7439
\u9964,7383
\u9965,7382
\u9966,9594
\u9967,7424
\u9968,7386
\u9969,7426
\u996A,7387
\u996B,7388
\u996C,7389
\u996D,7391
\u996E,7390
\u996F,7415
\u9970,7395
\u9971,7394
\u9972,7393
\u9974,7392
\u9975,7403
\u9976,7437
\u9977,7401
\u9978,7396
\u9979,7397
\u997A,7398
\u997B,7400
\u997C,7399
\u997D,7416
\u997E,7405
\u997F,7408
\u9980,7411
\u9981,7407
\u9982,7410
\u9983,9606
\u9984,7412
\u9985,7414
\u9986,7419
\u9988,7432
\u998A,9600
\u998B,7443
\u998D,7418
\u998E,9601
\u998F,5130
\u9991,7431
\u9992,7429
\u9994,7433
\u9996,7445
\u9997,7447
\u9998,7446
\u9999,7449
\u99A5,7450
\u99A8,7451
\u9A6C,7456
\u9A6D,7457
\u9A6E,7461
\u9A6F,7460
\u9A70,7459
\u9A71,7517
\u9A72,7462
\u9A73,7463
\u9A74,7533
\u9A75,9615
\u9A76,7471
\u9A77,7475
\u9A78,7470
\u9A79,7467
\u9A7A,7507
\u9A7B,7465
\u9A7C,7474
\u9A7D,7466
\u9A7E,7468
\u9A7F,7531
\u9A80,7469
\u9A81,7522
\u9A82,5006
\u9A83,7484
\u9A84,7524
\u9A85,7520
\u9A86,7482
\u9A87,7480
\u9A88,7478
\u9A89,9623
\u9A8A,7537
\u9A8B,7488
\u9A8C,7526
\u9A8D,7490
\u9A8E,7485
\u9A8F,7486
\u9A90,7496
\u9A91,7494
\u9A93,7489
\u9A94,7487
\u9A95,7525
\u9A96,7515
\u9A97,7499
\u9A9A,7510
\u9A9B,7497
\u9A9C,7514
\u9A9D,7511
\u9A9E,7505
\u9A9F,7509
\u9AA0,7516
\u9AA1,7512
\u9AA2,7500
\u9AA4,7532
\u9AA5,7535
\u9AA6,9622
\u9AA7,7534
\u9AA8,7539
\u9AB0,7544
\u9AB1,7543
\u9AB6,7541
\u9AB7,7545
\u9AB8,7546
\u9ABC,7547
\u9AC0,7549
\u9AC1,9629
\u9AC5,7551
\u9ACB,7556
\u9AD1,7553
\u9AD3,7557
\u9AD8,7559
\u9ADF,7561
\u9AE1,7562
\u9AE6,7565
\u9AEB,7567
\u9AED,7568
\u9AEF,7570
\u9AF9,7574
\u9AFB,7573
\u9B03,7571
\u9B08,7576
\u9B10,7580
\u9B13,7589
\u9B18,7583
\u9B1F,7587
\u9B23,7588
\u9B25,7591
\u9B2F,7598
\u9B31,7599
\u9B32,7601
\u9B3B,7605
\u9B3C,7607
\u9B41,7608
\u9B42,7609
\u9B43,7610
\u9B44,7611
\u9B45,7613
\u9B47,7623
\u9B48,7617
\u9B49,7619
\u9B4D,7618
\u9B4F,7614
\u9B51,7620
\u9B54,7621
\u9C7C,7625
\u9C7F,7626
\u9C80,9639
\u9C81,7627
\u9C82,7629
\u9C84,7679
\u9C85,9641
\u9C87,7630
\u9C88,7678
\u9C8A,7633
\u9C8B,7631
\u9C8D,7637
\u9C8E,7670
\u9C90,7632
\u9C91,7634
\u9C92,9643
\u9C93,7648
\u9C94,7635
\u9C96,7628
\u9C97,9649
\u9C98,7636
\u9C99,7671
\u9C9A,9662
\u9C9B,7640
\u9C9C,7639
\u9C9D,9651
\u9C9E,7638
\u9C9F,7669
\u9CA0,7643
\u9CA1,7657
\u9CA2,9654
\u9CA3,3028
\u9CA4,7642
\u9CA5,7661
\u9CA6,9655
\u9CA7,7641
\u9CA8,7644
\u9CA9,7652
\u9CAB,7651
\u9CAD,7645
\u9CAE,7677
\u9CB0,9646
\u9CB1,9656
\u9CB2,7649
\u9CB3,7647
\u9CB4,9657
\u9CB5,7646
\u9CB6,7664
\u9CB7,9648
\u9CB8,7650
\u9CBB,9647
\u9CBD,7654
\u9CBF,9665
\u9CC0,7666
\u9CC1,9658
\u9CC3,7658
\u9CC4,9653
\u9CC5,7655
\u9CC6,9652
\u9CC7,9650
\u9CCA,7653
\u9CCC,7663
\u9CCD,7662
\u9CCE,9660
\u9CCF,7659
\u9CD2,7660
\u9CD3,5016
\u9CD4,7674
\u9CD5,7914
\u9CD6,7667
\u9CD7,7665
\u9CD8,7676
\u9CD9,9663
\u9CDB,9667
\u9CDC,7675
\u9CDD,7668
\u9CDE,7673
\u9CDF,7923
\u9CE0,9664
\u9CE2,9661
\u9CE3,7672
\u9E1F,7680
\u9E20,7682
\u9E21,7741
\u9E22,7687
\u9E23,7686
\u9E25,7743
\u9E26,7693
\u9E27,7735
\u9E28,7691
\u9E29,7690
\u9E2A,7698
\u9E2C,7760
\u9E2D,7700
\u9E2E,7697
\u9E2F,7699
\u9E30,7701
\u9E31,7689
\u9E32,7702
\u9E33,7696
\u9E34,7759
\u9E35,9676
\u9E36,7748
\u9E37,7747
\u9E3A,7707
\u9E3D,7704
\u9E3E,7762
\u9E3F,7703
\u9E41,7712
\u9E42,7765
\u9E43,7710
\u9E44,7711
\u9E45,7709
\u9E46,7714
\u9E48,7708
\u9E49,7713
\u9E4A,7717
\u9E4C,7715
\u9E4D,7721
\u9E4F,7720
\u9E51,7718
\u9E52,7733
\u9E53,9677
\u9E54,9681
\u9E55,7724
\u9E56,9679
\u9E57,7725
\u9E58,7737
\u9E59,7723
\u9E5A,7732
\u9E5C,7726
\u9E5E,7740
\u9E61,7731
\u9E62,7739
\u9E63,7738
\u9E64,7729
\u9E65,7746
\u9E66,7761
\u9E67,7744
\u9E69,7754
\u9E6A,7753
\u9E6B,7750
\u9E6C,7756
\u9E6D,7752
\u9E6F,7757
\u9E70,7751
\u9E73,7764
\u9E74,9684
\u9E7E,7771
\u9E7F,7773
\u9E80,7776
\u9E82,7774
\u9E87,7778
\u9E88,7779
\u9E8B,7780
\u9E91,7783
\u9E92,7784
\u9E93,7785
\u9E9D,7790
\u9E9F,7792
\u9EA6,7796
\u9EB8,9690
\u9EB9,7800
\u9EBB,7802
\u9EBD,7803
\u9EBE,7804
\u9EC4,7806
\u9EC9,7808
\u9ECD,7810
\u9ECE,7812
\u9ECF,7811
\u9ED1,7815
\u9ED4,7816
\u9ED8,7817
\u9EDB,7818
\u9EDC,7819
\u9EDD,7821
\u9EDF,9694
\u9EE0,7822
\u9EE1,7829
\u9EE5,7823
\u9EE7,7824
\u9EE9,7830
\u9EEF,7826
\u9EF9,7832
\u9EFB,7833
\u9EFC,7834
\u9EFE,7836
\u9F0B,7837
\u9F0C,7839
\u9F0D,7842
\u9F0E,7844
\u9F10,7845
\u9F12,7847
\u9F13,7849
\u9F17,7851
\u9F19,7853
\u9F20,7857
\u9F22,7858
\u9F2C,7860
\u9F2F,7861
\u9F37,7863
\u9F39,7862
\u9F3B,7865
\u9F3E,7867
\u9F50,7871
\u9F51,7874
\u9F7F,7876
\u9F80,7877
\u9F81,7878
\u9F82,7879
\u9F83,7880
\u9F84,7881
\u9F86,7882
\u9F88,7883
\u9F89,7886
\u9F8A,7887
\u9F8B,7889
\u9F8C,7891
\u9F99,7893
\u9F9A,7895
\u9F9B,7896
\u9F9F,7898
\u9FA0,7900
\u9FBF,5495
\u30FA0,7016